cell_id,batch,policy,cycle_life,possible_censored,log_dq_var,QD_slope_100,chargetime_mean_100,Tavg_mean_100,IR_mean_100,charge_I_time_std_5
b1c0,1,3.6C(80%)-3.6C,1190.0,True,-5.014861042960788,1.691964207901468e-05,13.384230505050484,31.603747328822767,0.016643322040404,1.466453637468818
b1c1,1,3.6C(80%)-3.6C,1179.0,True,-5.013959617162855,5.535292516999699e-06,13.374696464646446,31.33031430692745,0.016921770387755,1.460734739073703
b1c2,1,3.6C(80%)-3.6C,1177.0,True,-4.7369997419805365,1.0295625231906744e-05,13.378886329966337,31.47958411321121,0.0167689786020408,1.4630372331081392
b1c3,1,4C(80%)-4C,1226.0,True,-4.442613359277012,1.7136347557209165e-05,12.053277171717166,29.942198807956427,0.0163109127346938,1.6604901695737522
b1c4,1,4C(80%)-4C,1227.0,True,-4.647743660307859,1.8994317872609844e-05,12.053313636363642,31.44888383416564,0.0166688861632653,1.6528338972782677
b1c5,1,4.4C(80%)-4.4C,1074.0,False,-4.178877963304522,1.1228400742114224e-05,15.07576803030309,30.92149771366389,0.0162703885757575,1.845626878975539
b1c6,1,4.8C(80%)-4.8C,636.0,False,-3.768877900227724,-4.808646876938924e-06,10.04485760942758,32.27384521945563,0.0166757100612244,2.0283714009652423
b1c7,1,4.8C(80%)-4.8C,870.0,False,-3.8134860773269863,-6.42818800247794e-06,10.044094528619514,31.99008450921703,0.0162139184081632,2.008889719711766
b1c8,1,5.4C(40%)-3.6C,879.0,True,-4.001194608771134,5.429254174400251e-06,11.24361163299663,32.076506270161325,0.0167117057070707,1.8845949638419308
b1c9,1,5.4C(40%)-3.6C,1054.0,False,-4.059383677769545,1.8204385899806905e-05,11.24185760942762,32.64153361126789,0.0168353652323232,1.8933613092429111
b1c10,1,5.4C(50%)-3C,906.0,True,-4.022573146487059,2.529188002473426e-05,11.688040235690274,33.208150668462316,0.0165639684285714,1.907724872775135
b1c11,1,5.4C(50%)-3C,788.0,False,-4.146896530502188,2.1809402597400947e-05,11.684114427609464,32.75932260623101,0.0162007278265306,1.9386836942094656
b1c12,1,5.4C(50%)-3.6C,902.0,True,-4.125190648988873,1.2573115646260144e-05,10.68385405723906,33.4580219141428,0.0164390562323232,1.9979198182864188
b1c13,1,5.4C(50%)-3.6C,897.0,True,-4.048006457642694,4.458676561536227e-06,10.685353013468022,32.09216634315908,0.0170365509494949,1.9944244980194288
b1c14,1,5.4C(60%)-3C,880.0,False,-4.046069839990279,2.6234124922698223e-05,14.925935387205389,33.07746279993842,0.0169750018383838,2.0432043823566666
b1c15,1,5.4C(60%)-3C,719.0,False,-4.017949103167607,2.904936054421284e-05,14.92770846801342,33.147720104395674,0.0168399864343434,2.0557532924747552
b1c16,1,5.4C(60%)-3.6C,862.0,False,-4.099413675443745,2.3160274582555584e-05,10.12547436026938,32.41716254671688,0.0166975241428571,2.0929394862744344
b1c17,1,5.4C(60%)-3.6C,857.0,False,-3.970159451162403,1.7886231292523448e-05,10.13811205387206,32.088753858534446,0.0166762275353535,2.106760945042739
b1c18,1,5.4C(70%)-3C,691.0,False,-3.650080545153841,-4.754075940036315e-05,9.925956313131316,31.831057275618026,0.0180047544141414,2.139908874460942
b1c19,1,5.4C(70%)-3C,788.0,False,-3.6199068274368353,-1.0355845392700724e-05,9.930255336700304,33.044085397077396,0.016324869080808,2.153785523684779
b1c20,1,5.4C(80%)-5.4C,534.0,False,-3.367237410245857,-0.0001397761818181,9.027207626262616,32.15292201754506,0.0152103660918367,2.2975904497289856
b1c21,1,5.4C(80%)-5.4C,559.0,False,-3.3503380515995875,-8.178444155844591e-05,8.987271380471347,33.13697371135653,0.0150902362346938,2.284193826355526
b1c22,1,6C(30%)-3.6C,891.0,True,-3.952168673142781,-6.75583426098541e-06,11.46291215488218,32.84391283877385,0.0165919733030303,1.8999589451316183
b1c23,1,6C(30%)-3.6C,1014.0,False,-4.0407936433278895,-6.950910327772603e-06,11.458691784511789,31.99077454717494,0.0168240025858585,1.8978877282650128
b1c24,1,6C(40%)-3C,1017.0,False,-3.938662523656534,2.024258503403737e-06,12.128487205387223,33.378063951824195,0.0165874488888888,1.9115476755019547
b1c25,1,6C(40%)-3C,854.0,False,-4.027888820540259,5.12931354361571e-07,12.13749808080808,33.848557073949294,0.0165961417979798,1.9085995002254337
b1c26,1,6C(40%)-3.6C,870.0,False,-3.795219996785343,-1.521046134818085e-05,10.800664208754249,33.15641406115227,0.0162854918383838,2.020728814155221
b1c27,1,6C(40%)-3.6C,842.0,False,-3.8537032000559392,-1.0758799010519626e-05,10.803712340067367,33.89497000372245,0.0160989066666666,2.0330292733978177
b1c28,1,6C(50%)-3C,860.0,False,-3.844711807496199,-7.726680272115018e-06,11.138253585858592,33.773800525042,0.0166800375454545,2.0721730930599165
b1c29,1,6C(50%)-3C,917.0,False,-3.8382817049630766,-5.212719851575346e-06,11.151875336700314,32.70415601771739,0.0165455236262626,2.068865493743734
b1c30,1,6C(50%)-3.6C,709.0,False,-3.744699217898308,-1.6368218923929572e-05,10.124524292929316,33.54008830692456,0.0160094262525252,2.161680705471035
b1c31,1,6C(50%)-3.6C,876.0,False,-3.777732624088043,-2.62010822510796e-05,10.126957558922545,30.375396745150564,0.0168655661414141,2.138765377539998
b1c32,1,6C(60%)-3C,731.0,False,-3.6464634970703615,-1.2776272108848686e-05,10.129902676767715,33.08050304573434,0.0161670642525252,2.232336789338997
b1c33,1,6C(60%)-3C,757.0,False,-3.6670575975866417,-2.1812165739027016e-05,10.129993047138068,33.67169761442224,0.0164837756565656,2.209986659129111
b1c34,1,7C(30%)-3.6C,742.0,False,-3.848616157008837,-3.129647495333547e-07,11.035507962962974,32.66455167507311,0.016855197080808,2.075338894088751
b1c35,1,7C(30%)-3.6C,703.0,False,-3.77260581559603,3.195320964752807e-06,11.036444074074083,32.09733437854189,0.0169670922929292,2.080142470399742
b1c36,1,7C(40%)-3C,704.0,False,-3.669501342595944,-7.183043908475764e-06,11.554803670033683,32.04688205693082,0.0164377462626262,2.130711649513396
b1c37,1,7C(40%)-3C,648.0,False,-3.673938893314921,-9.680958565245865e-06,11.561455202020229,32.95969887229894,0.016546422020202,2.1362312268613053
b1c38,1,7C(40%)-3.6C,617.0,False,-3.4330481735466756,-9.43712430427038e-06,10.23158840067342,33.69474656343401,0.0162120569696969,2.2618623823627426
b1c39,1,7C(40%)-3.6C,625.0,False,-3.5045337204530713,-3.294477427340171e-06,10.242025976430943,33.50643317156701,0.0166911045555555,2.248082030969132
b1c40,1,8C(15%)-3.6C,966.0,False,-4.0552127051547355,-8.20486332715938e-06,12.087224326599337,33.45968416375564,0.0166792732121212,1.8681895737856156
b1c41,1,8C(15%)-3.6C,1051.0,False,-4.071513969179501,-1.3855287570256206e-07,12.091290892255918,33.07332253245542,0.0167448905050505,1.8701132555117848
b1c42,1,8C(25%)-3.6C,702.0,False,-3.6658557852690015,2.113598021033933e-06,11.178124326599384,33.58506724391689,0.0167156228383838,2.113805080260423
b1c43,1,8C(25%)-3.6C,651.0,False,-3.667779071634814,-2.401481014224145e-05,11.17782324915825,33.339782658681436,0.0161048555656565,2.132440010405797
b1c44,1,8C(35%)-3.6C,616.0,False,-3.42070000480644,-3.3615460729745583e-05,10.258049427609434,32.55333216968653,0.0174138499696969,2.337875199613449
b1c45,1,8C(35%)-3.6C,599.0,False,-3.425292235698853,-1.292005318491748e-05,10.257274326599305,33.0005473910965,0.0166742515858585,2.339034520381749
b2c0,2,5.2C(58%)-4C,477.0,False,-3.4872647963011447,1.3737568336431474e-05,10.17325806397317,31.808470926230022,0.0173358084949494,2.0388318511328647
b2c1,2,5.6C(26%)-4.5C,491.0,False,-3.2980513654760366,-3.290422139764397e-05,10.198514225589118,33.60099815475848,0.0175523199191919,2.059657270863983
b2c2,2,5.2C(50%)-4.25C,424.0,False,-3.4602483651128177,-5.396060358691645e-06,10.17503702020208,33.17566129490617,0.016461098040404,2.0667243775392037
b2c3,2,4.65C(44%)-5C,499.0,False,-3.496242996974693,7.592857884971752e-05,10.173178956229002,33.93805810095692,0.0159151695353535,2.0147897938496473
b2c4,2,4.65C(69%)-6C,444.0,False,-3.232506812226559,-6.742782807669012e-05,10.231960420875373,33.04820861652687,0.0161863178888888,2.01789436629582
b2c5,2,3.6C(30%)-6C,416.0,False,-3.085881724279185,-0.0001948491799628,10.198699713804723,33.01307013030371,0.0152975889292929,2.1438918122943864
b2c6,2,3.6C(9%)-5C,393.0,False,-3.53003968650195,6.24381335807018e-05,10.17931370370378,33.81904518975318,0.0160374687272727,2.0483513572449517
b2c7,2,4.8C(80%)-4.8C-newstructure,777.0,False,-4.231670089905405,5.346993939393214e-05,10.035777525252517,33.769687089746824,0.0147906225757575,2.015016101550754
b2c8,2,5.2C(58%)-4C-newstructure,904.0,False,-4.10242248030074,-4.8129210760671786e-05,10.03986983164983,33.59868374090274,0.016466365090909,2.0501202099015985
b2c9,2,5.6C(26%)-4.5C-newstructure,791.0,False,-4.344425682662564,-3.178960420532104e-05,10.039928501683493,32.3508526526095,0.0153962351212121,2.032396022400534
b2c10,2,4.8C(80%)-4.8C,492.0,False,-3.4509001132975605,5.4494455906002766e-05,10.169499612794551,31.720791269063756,0.0170579189090909,2.002532404180663
b2c11,2,5.2C(50%)-4.25C,449.0,False,-3.485393220979881,0.0001163692838589,10.173883215488235,33.146477466034135,0.0172189415555555,2.040515474114498
b2c12,2,4.65C(44%)-5C,466.0,False,-3.1679683681509765,3.124443661100505e-05,10.1748585521886,31.314676947956993,0.0165229203434343,2.007747362513979
b2c13,2,4.65C(69%)-6C,460.0,False,-3.3444477218838284,-1.1445944341368896e-05,10.214119579124512,31.946988973926523,0.0160671782222222,2.015769353913226
b2c14,2,3.6C(30%)-6C,426.0,False,-3.118519966248836,-0.000101657056277,49.87950749158258,32.123877001585356,0.0162595228282828,2.151157958633786
b2c15,2,3.6C(9%)-5C,396.0,False,-3.516251926776714,9.20414260977118e-05,10.173053501683547,32.862747677246595,0.0163038229292929,2.076141463810253
b2c16,2,4.8C(80%)-4.8C,472.0,False,-3.494880991874622,-1.5038863327153774e-05,10.171620942760958,32.7673986704417,0.0174905291515151,2.010868319425544
b2c17,2,5.6C(26%)-4.5C,471.0,False,-3.500344128474038,3.904175881262204e-05,10.181222777777869,32.988612809790894,0.0170886563232323,2.056103240496316
b2c18,2,5.2C(50%)-4.25C,449.0,False,-3.707302736176298,0.0001133929870129,10.174147626262664,32.88627829858526,0.0166467427272727,2.0532212533688736
b2c19,2,6C(60%)-3C,392.0,False,-3.291958004542694,2.1983457019166268e-05,10.173763619528666,32.770067410122046,0.0167182581515151,2.2207383415838753
b2c20,2,5.2C(58%)-4C,489.0,False,-3.441305431410401,2.8384829931970537e-05,49.79333134680135,33.61911118506716,0.0166108588888888,2.040248620469107
b2c21,2,6C(60%)-3C,408.0,False,-3.326679075199306,3.546821447123146e-05,10.174732340067363,33.60118814118363,0.0172002761717171,2.213456839606797
b2c22,2,VarCharge-2C-100cycles,,False,-4.641168700608011,-1.418554898869989e-05,33.66724856902348,34.50224371401082,0.021770682,0.6468909422231708
b2c23,2,VarCharge-4C-100cycles,,False,-4.356254277157163,-0.0001196629143061,21.78754757575758,34.147927604894626,0.0211608889999999,1.5560692579965545
b2c24,2,4.8C(80%)-4.8C,514.0,False,-3.6408852680750527,4.325509709338842e-05,10.16999885521886,33.206377241160645,0.0165153767171717,2.0164277548426957
b2c25,2,5.2C(58%)-4C,493.0,False,-3.5344779300217333,3.860060482374841e-05,10.172931649831629,32.23848796399698,0.0167404158888888,2.0360454268351886
b2c26,2,5.6C(26%)-4.5C,450.0,False,-3.2220536077932804,-1.223195670995208e-05,49.8213119360269,33.75843376995604,0.0177005725757575,2.0758473160231463
b2c27,2,5.2C(50%)-4.25C,474.0,False,-3.48620363289781,8.322792949907285e-05,10.17464639730628,33.30411096115286,0.0175886912222222,2.0386936167341907
b2c28,2,4.8C(80%)-4.8C,437.0,False,-3.4234111691232063,5.7402129870125894e-05,49.80539951178444,32.143914131113334,0.0162747393030303,2.0234246246029755
b2c29,2,5.2C(58%)-4C,452.0,False,-3.5082481790944344,0.0001200828880643,10.173048585858565,31.797490897448796,0.0167322515151515,2.038297430810537
b2c30,2,5.6C(26%)-4.5C,412.0,False,-3.1854095592748743,-8.503881385281154e-05,49.82939452861952,33.81182141567536,0.0168832493333333,2.0870303378505093
b2c31,2,5.6C(26%)-4.5C,425.0,False,-3.35235883148731,3.9791858998146125e-05,10.194512441077386,33.3758501254003,0.0163258058282828,2.078779432767949
b2c32,2,4.8C(80%)-4.8C-newstructure,809.0,False,-4.131466155166347,-5.5682572665427346e-05,49.67143777777785,32.16894887045923,0.0148111714242424,2.018206838490136
b2c33,2,5.2C(58%)-4C-newstructure,1140.0,False,-4.23162831933775,-0.0001253141632653,10.03956353535346,32.74157143407892,0.0149909874444444,2.0496341420431907
b2c34,2,5.6C(26%)-4.5C-newstructure,1186.0,False,-4.448585173324752,-5.456295732837848e-05,49.6776396632997,35.66789148456313,0.0149528839393939,2.0504134931387497
b2c35,2,VarCharge-6C-100cycles,,False,-3.2189089608610653,-0.000433205671257,17.708760673400665,36.507257940976096,0.0206665209999999,2.5483746167410852
b2c36,2,VarCharge-8C-100cycles,,False,-2.6849178093471577,-0.0007772913502851,16.394327962962983,38.56623803155033,0.02033557,3.267217896131315
b2c37,2,3.6C(80%)-3.6C(SLOWCYCLE,,False,-4.770610886629153,3.235107460034247e-06,18.21994124579139,32.93003403034187,0.0172419236262626,1.4576095557005886
b2c38,2,4.8C(80%)-4.8C(SLOWCYCLE,,False,-4.215350254359975,-5.234621578716625e-05,14.917342457912511,33.16550806710767,0.0165849931818181,2.021971316173434
b2c39,2,3.6C(9%)-5C(SLOWCYCLE,,False,-3.3625834932774885,-7.018608151789626e-05,14.922638872053804,32.886249589388996,0.0168082214343434,2.058523468809561
b2c40,2,5.2C(58%)-4C(SLOWCYCLE,,False,-3.5995672762895525,-1.5967939865742926e-05,54.54489562289566,32.46931392128253,,2.055805597845879
b2c41,2,5.6C(26%)-4.5C,442.0,False,-3.1723658101769976,2.3998204081631683e-05,49.81976715488214,30.193787010451164,,2.079869561009166
b2c42,2,5.2C(50%)-4.25C,474.0,False,-3.482587648007536,8.583347433519058e-05,10.175111565656564,31.709620029469267,,2.0320651313707736
b2c43,2,4.8C(80%)-4.8C-newstructure,1029.0,False,-4.271781928623568,-7.295969944341106e-05,10.036751245791278,33.92914533704784,,2.0036768139083025
b2c44,2,5.2C(58%)-4C-newstructure,841.0,False,-4.36452348032534,-2.446207668521927e-05,49.66138013468012,33.95995836968299,,2.035581301742715
b2c45,2,5.6C(26%)-4.5C-newstructure,997.0,False,-4.175214949171005,-7.610656895484813e-05,10.04019055555552,35.271412144027664,,2.020982433645813
b2c46,2,4.8C(80%)-4.8C,503.0,False,-3.5088751328187,1.9638269635131457e-05,49.80284373737375,29.88150861827619,,2.01104111165909
b3c0,3,5C(67%)-4C-newstructure,1009.0,False,-4.245114870317645,-5.346195423626031e-06,10.042610084175084,32.194853230782606,0.0152358522828282,2.0318880182277312
b3c1,3,5.3C(54%)-4C-newstructure,1063.0,False,-4.28554271039912,-1.4719340754480143e-05,10.041381363636305,34.83231929224147,0.014984559090909,2.058008350482118
b3c2,3,5.6C(19%)-4.6C-newstructure,1267.0,False,-4.77938058992098,-2.039117996289508e-05,10.043663265993228,36.79033178065713,0.0146185666161616,2.0342893411772036
b3c3,3,5.6C(36%)-4.3C-newstructure,1115.0,False,-4.116607770381197,-1.2654854669141904e-05,10.041502946127975,36.08374244976545,0.0149999637676767,2.057336988305097
b3c4,3,5.6C(19%)-4.6C-newstructure,1048.0,False,-4.178465673149821,-5.233104514546137e-06,10.045573973063998,32.11715379681872,0.0151291039090909,2.0296785743916397
b3c5,3,5.6C(36%)-4.3C-newstructure,828.0,False,-4.114423974726586,-1.602090043289774e-05,10.042010656565727,35.56013985266867,0.015182618050505,2.0788685562667037
b3c6,3,3.7C(31%)-5.9C-newstructure,667.0,False,-3.5257081929454923,-0.0002023977884972,10.080923367003404,34.1072055276095,0.0137306609393939,2.140528497198777
b3c7,3,4.8C(80%)-4.8C-newstructure,1836.0,False,-4.488742187967907,-2.3574483611610727e-06,11.040740218855252,32.79694473003086,0.0154282655151515,1.8153348709542791
b3c8,3,5C(67%)-4C-newstructure,828.0,False,-4.091803757442373,-3.3089511440911376e-06,10.043270673400722,33.05552416009523,0.0152533193535353,2.031079096891398
b3c9,3,5.3C(54%)-4C-newstructure,1039.0,False,-3.982296953008088,6.68053184916058e-07,10.04115065656567,33.08832983925303,0.0157985837979798,2.0521558411481142
b3c10,3,4.8C(80%)-4.8C-newstructure,1078.0,False,-4.4113559240265765,-2.8759653679635088e-06,11.039443922558933,32.5348014795901,0.0153730747171717,1.8176714850892088
b3c11,3,5.6C(19%)-4.6C-newstructure,817.0,False,-3.884921164468091,-1.7682165739029632e-05,10.042466936026983,34.20373702283128,0.0155247142727272,2.0282125747201567
b3c12,3,5.6C(36%)-4.3C-newstructure,932.0,False,-3.9467899768101886,-6.6794632034672655e-06,10.042442037037002,33.2205731520236,0.0160478353636363,2.0441091286940853
b3c13,3,5.6C(19%)-4.6C-newstructure,816.0,False,-4.094466485311571,-1.2185193568341785e-05,10.042358249158228,34.11768528185422,0.0151285627171717,2.033514434422542
b3c14,3,5.6C(36%)-4.3C-newstructure,858.0,False,-3.999667694941731,4.6361076066727265e-06,10.041858265993287,33.11953606667905,0.0155519219898989,2.0476064004697694
b3c15,3,5.9C(15%)-4.6C-newstructure,876.0,False,-4.000684421929468,-1.156462213976474e-05,10.04163658249164,33.51055049283859,0.0153060112222222,2.034530715574373
b3c16,3,4.8C(80%)-4.8C-newstructure,1638.0,False,-4.694513499472995,-9.69130117501876e-06,11.040587407407404,34.94134876933804,0.0153110507171717,1.8186549848540725
b3c17,3,5.3C(54%)-4C-newstructure,1315.0,False,-4.439713079764758,-5.833125541120238e-06,10.0421028114478,35.07228784758459,0.0154435866464646,2.0583419342434444
b3c18,3,5.6C(19%)-4.6C-newstructure,1146.0,False,-4.254052001185467,-2.927494124922568e-05,10.04310829966328,35.2914180269327,0.0150155265353535,2.034284820184739
b3c19,3,5.6C(36%)-4.3C-newstructure,1155.0,False,-4.171941874669042,-2.969135807050444e-05,10.043189629629584,35.09835953689969,0.0154634931818181,2.05711603790037
b3c20,3,5C(67%)-4C-newstructure,813.0,False,-4.066344693269561,-7.154074211500192e-06,10.043380471380493,33.10212248197412,0.0152633222323232,2.030307242107163
b3c21,3,3.7C(31%)-5.9C-newstructure,772.0,False,-3.704326685729231,-0.0001594917019171,10.079161515151515,34.900399416468076,0.0140930141313131,2.1362344683657133
b3c22,3,5.9C(60%)-3.1C-newstructure,1002.0,False,-4.046822397094466,-1.5988764378483083e-05,10.04255023569017,34.61069656408486,0.0156856873535353,2.2225028485192557
b3c23,3,4.8C(80%)-4.8C-newstructure,,False,-4.5437899541111975,-5.331878787886973e-06,11.038375218855206,34.929390162261846,0.0152614808787878,1.813673464912683
b3c24,3,5C(67%)-4C-newstructure,825.0,False,-4.155254994876533,9.6505887445875e-06,10.041832441077416,34.68760501613314,0.0155540378585858,2.0501017655404303
b3c25,3,5.3C(54%)-4C-newstructure,989.0,False,-4.1465607447332715,6.950843537418871e-06,10.042413013468028,35.58186389191699,0.0156418515151515,2.057568362090919
b3c26,3,5.6C(19%)-4.6C-newstructure,1028.0,False,-4.219507413901045,-4.288423005590302e-07,10.042290858585826,35.745916536891265,0.0155935727272727,2.023419946347362
b3c27,3,5.6C(36%)-4.3C-newstructure,850.0,False,-4.130132310934438,-4.0353704390864875e-06,10.045002356902378,35.30844806776433,0.0149194405151515,2.0588539138859456
b3c28,3,3.7C(31%)-5.9C-newstructure,541.0,False,-3.451657893017001,-0.0001980220853432,10.088611986532047,35.69688828820833,0.0134208849696969,2.1536811443577326
b3c29,3,5.9C(15%)-4.6C-newstructure,858.0,False,-4.0635761002012085,4.077620284472189e-06,10.04197961279458,31.262889334066085,0.0148241267474747,2.0401478615573745
b3c30,3,5.3C(54%)-4C-newstructure,935.0,False,-4.1002255467806545,-3.416536796534243e-06,10.04344259259257,32.24311941023021,0.0155726789292929,2.050662911213172
b3c31,3,5.9C(60%)-3.1C-newstructure,731.0,False,-3.8396030254357143,-8.999562152133179e-06,10.045700723905671,34.00003070157337,0.015875272090909,2.1928354690741827
b3c32,3,4.8C(80%)-4.8C-newstructure,,False,-4.67335277212347,-1.0736820037102396e-05,11.039484747474772,35.436174962805026,0.0153720729494949,1.810146346223961
b3c33,3,5C(67%)-4C-newstructure,1284.0,False,-4.395898333073689,-1.2591045145338763e-05,10.043259696969717,33.10710984192206,0.0153407971717171,2.0480022295872486
b3c34,3,5.3C(54%)-4C-newstructure,1158.0,False,-4.305659504591576,-2.115797278911987e-05,10.04353981481482,35.77943527518051,0.015302312080808,2.0713074384809333
b3c35,3,5.6C(19%)-4.6C-newstructure,1093.0,False,-4.234858289724564,-1.953093877550817e-05,10.043588619528592,35.532941501822236,0.015374372010101,2.046016738840135
b3c36,3,5.6C(36%)-4.3C-newstructure,923.0,False,-4.253457920681209,-2.197191960420188e-05,10.043494949494974,35.87907157748097,0.0151344318989899,2.0765810747321094
b3c37,3,4.8C(80%)-4.8C-newstructure,1390.0,False,-5.098855849397497,-2.0516487322216555e-06,11.03842819865316,35.01461049108638,0.0147157734141414,1.8368010716400245
b3c38,3,5C(67%)-4C-newstructure,1935.0,False,-4.342053043792284,-8.787589363021427e-06,10.043707962962928,34.745836319764145,0.0158358992424242,2.0356952008945868
b3c39,3,5.3C(54%)-4C-newstructure,1156.0,False,-4.454635076566319,-6.583238095233322e-06,10.043092710437712,33.887021839840784,0.015563160080808,2.0866034307915533
b3c40,3,5.6C(19%)-4.6C-newstructure,796.0,False,-4.29510827493732,-7.692147186143209e-06,10.043764865319858,34.05341123035083,0.0153907493838383,2.0420857342421836
b3c41,3,5.6C(36%)-4.3C-newstructure,786.0,False,-4.2195093707566445,9.732244897959292e-06,10.043162962962906,33.640262798950594,0.0183069925353535,2.065831994427203
b3c42,3,4.8C(80%)-4.8C-newstructure,1642.0,False,-4.346194685061839,1.8104885590570824e-06,11.03849814814812,33.03326599301577,0.0161318303232323,1.8141495893456556
b3c43,3,5C(67%)-4C-newstructure,1046.0,False,-4.316748020025344,3.041014223876659e-06,10.043652104377044,33.89526904792961,0.0158285013737373,2.0218308001782512
b3c44,3,5.3C(54%)-4C-newstructure,940.0,False,-4.131495522376496,4.689736549163306e-06,10.043212407407369,33.35164903826186,0.0155725037777777,2.0489546446712863
b3c45,3,4.8C(80%)-4.8C-newstructure,1801.0,False,-4.5208508005857535,-1.2584539269261777e-07,11.038587558922575,32.72596355233115,0.0156186924747474,1.8166221321197744
