cell_id,log_dq_var,charge_I_time_std_5,QD_slope_100,chargetime_mean_100,Tavg_mean_100,IR_mean_100,actual,predicted,intercept_log10
b2c0,-0.02976465584632236,0.022489734555363603,0.010961544228511588,0.011120801849501176,0.001462572312048638,0.009456903766429612,477.0,804.8786304024549,2.88000349612292
b2c1,-0.04956846838001236,0.016004647638783016,-0.008819018320002302,0.010775784765853776,-0.0010401889610528743,0.01200344893788746,491.0,723.3686813387651,2.88000349612292
b2c2,-0.03259230046039574,0.01380393324122052,0.0028470627443798044,0.011096500045475377,-0.00044632539015757543,-0.0008311893087487623,424.0,747.9648292757297,2.88000349612292
b2c3,-0.028824962494463285,0.02997649031578173,0.03733645780766618,0.01112188251740321,-0.00151079859343858,-0.007252243548087358,499.0,833.393909209976,2.88000349612292
b2c4,-0.05642861588379556,0.029009718821511824,-0.02346031671804074,0.010318886012502502,-0.00026837348933058677,-0.004063074510657316,444.0,684.0876031910469,2.88000349612292
b2c5,-0.07177496704810349,-0.010226195705911713,-0.07749910972683473,0.010773250865248761,-0.000219312453539831,-0.01451604921493361,416.0,520.6442936824233,2.88000349612292
b2c6,-0.025287669709598764,0.019525336942404214,0.03161522373898045,0.011038077515089447,-0.0013446304591869667,-0.0058137955874559295,393.0,812.3366330266344,2.88000349612292
b2c7,0.04814769328946108,0.02990601754113812,0.02781185497740365,0.012998883533050502,-0.0012757157229175509,-0.020478841821392934,777.0,948.6661137792717,2.88000349612292
b2c8,0.034620136498821875,0.018974511875294593,-0.015275864339695468,0.01294297972470217,-0.001036957531551622,-0.0007692397738535152,904.0,850.0785593898948,2.88000349612292
b2c9,0.059949131545458056,0.024493867449118682,-0.008346314437580634,0.012942178250423543,0.0007052884290390249,-0.013355801045150283,791.0,904.4651679568623,2.88000349612292
b2c10,-0.033570724801943674,0.03379347160115682,0.02824634758724004,0.011172144958735142,0.0015849923494696007,0.006188446291068997,492.0,846.0931404683199,2.88000349612292
b2c11,-0.02996054218823458,0.021965450218643632,0.054487169637142036,0.011112261836341406,-0.00040557836241969633,0.008082348399396134,449.0,881.6264388995235,2.88000349612292
b2c12,-0.06318346009393112,0.03216952075192782,0.018386124308053437,0.011098938045139447,0.0021520170390484142,-0.00010405314112613056,466.0,759.4909146771864,2.88000349612292
b2c13,-0.044712445525083765,0.029671452903122675,0.00028133554538316237,0.010562604566584366,0.0012691707280263814,-0.005464361042951875,460.0,744.0656459302402,2.88000349612292
b2c14,-0.06835892188377464,-0.012488891544362928,-0.03797677059478661,-0.5312947317698125,0.001022196233996926,-0.00320205904418544,426.0,168.9290413562859,2.88000349612292
b2c15,-0.02673075019108168,0.010871429418623412,0.04416984015943195,0.011123596315487858,-9.429329868778855e-06,-0.0026810139828587383,396.0,825.5571983089266,2.88000349612292
b2c16,-0.028967515237966285,0.031197647094843264,-0.001242404412608603,0.01114316608658533,0.00012369880222430383,0.011276683680033046,472.0,800.8197442150686,2.88000349612292
b2c17,-0.028395722143845087,0.017111381435079426,0.021692931795488254,0.011011998208996752,-0.00018516466841884423,0.0065499709258023875,471.0,808.7026973789602,2.88000349612292
b2c18,-0.006734630479810982,0.018008839313731588,0.05322493621383417,0.011108649797597526,-4.228323963436318e-05,0.001352310165268782,449.0,905.5685221536158,2.88000349612292
b2c19,-0.050206223200575634,-0.03415639390188022,0.014458586640195788,0.011113895601986959,0.00011997265613644734,0.0021934540398999103,392.0,666.0806049183838,2.88000349612292
b2c20,-0.03457494147189733,0.022048549100044904,0.017173378632956298,-0.5301175045012944,-0.001065478725176737,0.0009302547670855076,489.0,226.15060500671598,2.88000349612292
b2c21,-0.046572181096618905,-0.031888916280094416,0.020177408532599347,0.011100662192246672,-0.0010404542237834533,0.007862811516973498,408.0,691.2622279738351,2.88000349612292
b2c24,-0.013686140642190307,0.02946642523459563,0.0234797886437335,0.011165324953071275,-0.0004892115898921677,-0.00019277910605622746,514.0,850.6421599216749,2.88000349612292
b2c25,-0.024823145905652228,0.023357433933825594,0.021505840474160466,0.011125260898223167,0.0008621741860014891,0.002454066981304024,493.0,821.2684263237871,2.88000349612292
b2c26,-0.057522688857739604,0.010963027762874646,-5.200858461934415e-05,-0.5304997391987173,-0.0012600036196267585,0.013747154093649003,450.0,206.71844894531802,2.88000349612292
b2c27,-0.029875721329441687,0.022532781087046354,0.04043207791371936,0.011101836231328328,-0.0006256693047763437,0.012431237755200395,474.0,862.9786242219161,2.88000349612292
b2c28,-0.03644782446027164,0.02728758278506712,0.029479478370727178,-0.5302823641957624,0.0009942200052353075,-0.0030230872396701455,437.0,233.3519859894429,2.88000349612292
b2c29,-0.027568453508312524,0.022656154357942812,0.05606209162628845,0.01112366346914426,0.0014779028411328477,0.0023580399629079384,452.0,883.3094869215172,2.88000349612292
b2c30,-0.06135799729313666,0.007480607265385216,-0.03092905253782121,-0.5306101531470844,-0.001334544485752438,0.004134032920955512,412.0,185.09146328004215,2.88000349612292
b2c31,-0.043884438068965956,0.010049959398101497,0.0220110457384138,0.010830451981031537,-0.0007258329169020886,-0.00242245744029646,425.0,751.3844876741123,2.88000349612292
b2c32,0.037659960309529894,0.028912414211793577,-0.018479209418441965,-0.5284523518807431,0.0009592660167435731,-0.020237152168889293,809.0,240.08577177874758,2.88000349612292
b2c33,0.04814332141962253,0.0191258746017044,-0.048009637840382015,0.012947163949388097,0.00015975929041731643,-0.018122207797717012,1140.0,783.8767254558772,2.88000349612292
b2c34,0.07085086837081711,0.01888318275402558,-0.018004385846468466,-0.5285370740364056,-0.003926025504642531,-0.018570370277555915,1186.0,251.59365919818435,2.88000349612292
b2c41,-0.06272320673278581,0.009710490783024835,0.01531303134559302,-0.5304786363924578,0.0037170253035542435,0.0007060348221201851,442.0,207.1324944189563,2.88000349612292
b2c42,-0.030254184351751274,0.024596907729488533,0.041537077162196546,0.011095481701686775,0.0016005898507988152,0.0007060348221201851,474.0,849.738709942058,2.88000349612292
b2c43,0.052345954115302504,0.03343709959772333,-0.025806357215277794,0.012985581819762494,-0.001498354419652581,0.0007060348221201851,1029.0,895.7224407663007,2.88000349612292
b2c44,0.06205264510428956,0.023501963628963535,-0.00523874465383715,-0.5283149573414337,-0.0015413761732743438,0.0007060348221201851,841.0,269.87898088685586,2.88000349612292
b2c45,0.04223887900079389,0.02804808705478033,-0.02714092969969334,0.012938598408638381,-0.0033724533617570975,0.0007060348221201851,997.0,857.8704576396665,2.88000349612292
b2c46,-0.02750283409657993,0.031143839168399357,0.013464003756426311,-0.5302474505043216,0.004153034449704586,0.0007060348221201851,503.0,235.35320873233766,2.88000349612292
