cell_id,cycle_life,predicted,IR_missing,log_dq_var_outside_train_range,charge_I_time_std_5_outside_train_range,QD_slope_100_outside_train_range,chargetime_mean_100_outside_train_range,Tavg_mean_100_outside_train_range,IR_mean_100_outside_train_range,APE_pct
b2c0,477.0,804.8786304024549,False,False,False,False,False,False,False,68.73765836529452
b2c1,491.0,723.3686813387651,False,True,False,False,False,False,False,47.32559701400511
b2c2,424.0,747.9648292757297,False,False,False,False,False,False,False,76.40679935748342
b2c3,499.0,833.393909209976,False,False,False,True,False,True,False,67.012807456909
b2c4,444.0,684.0876031910469,False,True,False,False,False,False,False,54.073784502488046
b2c5,416.0,520.6442936824233,False,True,False,True,False,False,False,25.154878289044053
b2c6,393.0,812.3366330266344,False,False,False,True,False,False,False,106.70143334011055
b2c7,777.0,948.6661137792717,False,True,False,True,False,False,True,22.093450936843197
b2c8,904.0,850.0785593898948,False,False,False,False,False,False,False,5.96476112943641
b2c9,791.0,904.4651679568623,False,True,False,False,False,False,False,14.344521865595736
b2c10,492.0,846.0931404683199,False,False,False,True,False,False,False,71.97015050169104
b2c11,449.0,881.6264388995235,False,False,False,True,False,False,False,96.35332714911435
b2c12,466.0,759.4909146771864,False,True,False,True,False,False,False,62.980882977937
b2c13,460.0,744.0656459302402,False,True,False,False,False,False,False,61.753401289182655
b2c14,426.0,168.9290413562859,False,True,False,False,True,False,False,60.34529545627092
b2c15,396.0,825.5571983089266,False,False,False,True,False,False,False,108.47403997700165
b2c16,472.0,800.8197442150686,False,False,False,False,False,False,False,69.66520004556538
b2c17,471.0,808.7026973789602,False,False,False,True,False,False,False,71.69908649234824
b2c18,449.0,905.5685221536158,False,False,False,True,False,False,False,101.68563967786544
b2c19,392.0,666.0806049183838,False,True,False,False,False,False,False,69.918521662853
b2c20,489.0,226.15060500671598,False,False,False,False,True,False,False,53.75243251396401
b2c21,408.0,691.2622279738351,False,True,False,True,False,False,False,69.42701666025371
b2c24,514.0,850.6421599216749,False,False,False,True,False,False,False,65.4945836423492
b2c25,493.0,821.2684263237871,False,False,False,True,False,False,False,66.58588769245175
b2c26,450.0,206.71844894531802,False,True,False,False,True,False,False,54.06256690104044
b2c27,474.0,862.9786242219161,False,False,False,True,False,False,False,82.0630008906996
b2c28,437.0,233.3519859894429,False,False,False,True,True,False,False,46.60137620378881
b2c29,452.0,883.3094869215172,False,False,False,True,False,False,False,95.42245285874274
b2c30,412.0,185.09146328004215,False,True,False,False,True,False,False,55.07488755338783
b2c31,425.0,751.3844876741123,False,False,False,True,False,False,False,76.7963500409676
b2c32,809.0,240.08577177874758,False,False,False,False,True,False,True,70.3231431670275
b2c33,1140.0,783.8767254558772,False,True,False,False,False,False,True,31.238883731940593
b2c34,1186.0,251.59365919818435,False,True,False,False,True,True,True,78.78636937620705
b2c41,442.0,207.1324944189563,True,True,False,False,True,True,False,53.137444701593594
b2c42,474.0,849.738709942058,True,False,False,True,False,False,False,79.26977002997005
b2c43,1029.0,895.7224407663007,True,True,False,False,False,True,False,12.95214375448973
b2c44,841.0,269.87898088685586,True,True,False,False,True,True,False,67.9097525699339
b2c45,997.0,857.8704576396665,True,True,False,False,False,True,False,13.95481869210968
b2c46,503.0,235.35320873233766,True,False,False,False,True,True,False,53.210097667527315
