cell_id,batch,barcode,channel_id,barcode_object_id
b1c0,1,EL150800460514,1,1
b1c1,1,EL150800460486,2,2
b1c2,1,EL150800460623,3,3
b1c3,1,EL150800464977,5,4
b1c4,1,EL150800464865,6,5
b1c5,1,EL150800464883,7,6
b1c6,1,EL150800463886,10,7
b1c7,1,EL150800465027,9,8
b1c8,1,EL150800464898,19,9
b1c9,1,EL150800460468,20,10
b1c10,1,EL150800463980,13,11
b1c11,1,EL150800463882,14,12
b1c12,1,EL150800460472,21,13
b1c13,1,EL150800460658,22,14
b1c14,1,EL150800463838,15,15
b1c15,1,EL150800453113,16,16
b1c16,1,EL150800460653,23,17
b1c17,1,EL150800460522,24,18
b1c18,1,EL150800453240,17,19
b1c19,1,EL150800464881,18,20
b1c20,1,EL150800464002,11,21
b1c21,1,EL150800463871,12,22
b1c22,1,EL150800460433,31,23
b1c23,1,EL150800460477,32,24
b1c24,1,EL150800460630,25,25
b1c25,1,EL150800460617,26,26
b1c26,1,EL150800460659,33,27
b1c27,1,EL150800463198,34,28
b1c28,1,EL150800460507,27,29
b1c29,1,EL150800460644,28,30
b1c30,1,EL150800460615,35,31
b1c31,1,EL150800460481,36,32
b1c32,1,EL150800460640,29,33
b1c33,1,EL150800460436,30,34
b1c34,1,EL150800460525,39,35
b1c35,1,EL150800460622,40,36
b1c36,1,EL150800460506,37,37
b1c37,1,EL150800460601,38,38
b1c38,1,EL150800453773,41,39
b1c39,1,EL150800460642,42,40
b1c40,1,EL150800463229,43,41
b1c41,1,EL150800460647,44,42
b1c42,1,EL150800460618,45,43
b1c43,1,EL150800460636,46,44
b1c44,1,EL150800460485,47,45
b1c45,1,EL150800460656,48,46
b2c0,2,EL150800737291,10,1
b2c1,2,EL150800737295,11,2
b2c2,2,EL150800720603,12,3
b2c3,2,EL150800737292,13,4
b2c4,2,EL150800737376,14,5
b2c5,2,EL150800739496,15,6
b2c6,2,EL150800737391,16,7
b2c7,2,EL150800734869,17,8
b2c8,2,EL150800739489,18,9
b2c9,2,EL150800739480,19,10
b2c10,2,EL150800737298,1,11
b2c11,2,EL150800739478,20,12
b2c12,2,EL150800737362,21,13
b2c13,2,EL150800737384,22,14
b2c14,2,EL150800734853,23,15
b2c15,2,EL150800720452,24,16
b2c16,2,EL150800737254,25,17
b2c17,2,EL150800737289,27,18
b2c18,2,EL150800737236,28,19
b2c19,2,EL150800737281,29,20
b2c20,2,EL150800739494,2,21
b2c21,2,EL150800737302,30,22
b2c22,2,EL150800737301,31,23
b2c23,2,EL150800737324,32,24
b2c24,2,EL150800737374,33,25
b2c25,2,EL150800737318,34,26
b2c26,2,EL150800737370,35,27
b2c27,2,EL150800739473,36,28
b2c28,2,EL150800737389,37,29
b2c29,2,EL150800737383,38,30
b2c30,2,EL150800737363,39,31
b2c31,2,EL150800737327,3,32
b2c32,2,EL150800737338,40,33
b2c33,2,EL150800737286,41,34
b2c34,2,EL150800737335,42,35
b2c35,2,EL150800739483,43,36
b2c36,2,EL150800737290,44,37
b2c37,2,EL150800737235,45,38
b2c38,2,EL150800737351,46,39
b2c39,2,EL150800737260,47,40
b2c40,2,EL150800737258,48,41
b2c41,2,EL150800739479,4,42
b2c42,2,EL150800737244,5,43
b2c43,2,EL150800737214,6,44
b2c44,2,EL150800737245,7,45
b2c45,2,EL150800737241,8,46
b2c46,2,EL150800737273,9,47
b3c0,3,EL150800737329,10,1
b3c1,3,EL150800737313,11,2
b3c2,3,EL150800737294,12,3
b3c3,3,EL150800737280,13,4
b3c4,3,EL150800739476,14,5
b3c5,3,EL150800737213,15,6
b3c6,3,EL150800737229,16,7
b3c7,3,EL150800737307,17,8
b3c8,3,EL150800737233,18,9
b3c9,3,EL150800737270,19,10
b3c10,3,EL150800737277,1,11
b3c11,3,EL150800737276,20,12
b3c12,3,EL150800737314,21,13
b3c13,3,EL150800737319,22,14
b3c14,3,EL150800737387,23,15
b3c15,3,EL150800737386,24,16
b3c16,3,EL150800737345,25,17
b3c17,3,EL150800737378,27,18
b3c18,3,EL150800737274,28,19
b3c19,3,EL150800737275,29,20
b3c20,3,EL150800737315,2,21
b3c21,3,EL150800737366,30,22
b3c22,3,EL150800737285,32,23
b3c23,3,EL150800737299,33,24
b3c24,3,EL150800737368,34,25
b3c25,3,EL150800737259,35,26
b3c26,3,EL150800737287,36,27
b3c27,3,EL150800737251,37,28
b3c28,3,EL150800737234,38,29
b3c29,3,EL150800737320,39,30
b3c30,3,EL150800737380,3,31
b3c31,3,EL150800737279,40,32
b3c32,3,EL150800737297,41,33
b3c33,3,EL150800737304,42,34
b3c34,3,EL150800737350,43,35
b3c35,3,EL150800739477,44,36
b3c36,3,EL150800737365,45,37
b3c37,3,EL150800737364,46,38
b3c38,3,EL150800737334,47,39
b3c39,3,EL150800737361,48,40
b3c40,3,EL150800737390,4,41
b3c41,3,EL150800739495,5,42
b3c42,3,EL150800737377,6,43
b3c43,3,EL150800737367,7,44
b3c44,3,EL150800737369,8,45
b3c45,3,EL150800739484,9,46
