seed,feature,coefficient
0,log_dq_var,-0.03227763163274219
0,charge_I_time_std_5,-0.03297835914596332
0,QD_slope_100,0.017318287513665508
0,chargetime_mean_100,-0.02112376305081554
0,Tavg_mean_100,0.006382553949541164
0,IR_mean_100,0.004181947600663761
1,log_dq_var,-0.03220338684593787
1,charge_I_time_std_5,-0.023558578817637423
1,QD_slope_100,0.02516095876697216
1,chargetime_mean_100,-0.02611558668681731
1,Tavg_mean_100,-0.003958424514770477
1,IR_mean_100,0.007031101885589117
2,log_dq_var,-0.03274682838624649
2,charge_I_time_std_5,-0.03445261899813471
2,QD_slope_100,-0.01357861529142653
2,chargetime_mean_100,-0.015779923444631666
2,Tavg_mean_100,-0.003575797694220449
2,IR_mean_100,0.012916072751357578
3,log_dq_var,-0.031055151574295146
3,charge_I_time_std_5,-0.03890990560894419
3,QD_slope_100,0.008035562524835674
3,chargetime_mean_100,-0.018394334902823214
3,Tavg_mean_100,-0.004729739918876471
3,IR_mean_100,0.011553462411224819
4,log_dq_var,-0.020640339899373267
4,charge_I_time_std_5,-0.029992894786832595
4,QD_slope_100,0.018293729009350317
4,chargetime_mean_100,-0.007426486778168523
4,Tavg_mean_100,-0.0038203585252395366
4,IR_mean_100,0.005438187367646787
5,log_dq_var,-0.04553097526745894
5,charge_I_time_std_5,-0.014492296088666774
5,QD_slope_100,0.0038188064233234615
5,chargetime_mean_100,-0.026651382346278032
5,Tavg_mean_100,-0.005103503195265995
5,IR_mean_100,-0.003408735023516065
6,log_dq_var,-0.02128600959011673
6,charge_I_time_std_5,-0.033314124138075545
6,QD_slope_100,0.021766424039656392
6,chargetime_mean_100,-0.02009024311915427
6,Tavg_mean_100,-0.0036494611076567005
6,IR_mean_100,0.00884974347681175
7,log_dq_var,-0.012243551739021885
7,charge_I_time_std_5,-0.04342076973837788
7,QD_slope_100,0.005173457762767738
7,chargetime_mean_100,-0.013217818155193921
7,Tavg_mean_100,0.009417863210223481
7,IR_mean_100,0.006187304674082172
8,log_dq_var,-0.01897118598296936
8,charge_I_time_std_5,-0.04128943254240003
8,QD_slope_100,0.02514981823971263
8,chargetime_mean_100,-0.01947188992589942
8,Tavg_mean_100,-0.008926145106810616
8,IR_mean_100,0.006820496258640455
9,log_dq_var,-0.02291881942053775
9,charge_I_time_std_5,-0.036990774053134653
9,QD_slope_100,0.015218517516930841
9,chargetime_mean_100,-0.01847146305654781
9,Tavg_mean_100,-0.0017717542073743997
9,IR_mean_100,0.007262935102336622
10,log_dq_var,-0.022586503549433066
10,charge_I_time_std_5,-0.030537945666521318
10,QD_slope_100,0.022999580276113336
10,chargetime_mean_100,-0.015921284596791523
10,Tavg_mean_100,-0.0035806476193774757
10,IR_mean_100,0.007162807519925286
11,log_dq_var,-0.019757372519444164
11,charge_I_time_std_5,-0.038768528561991235
11,QD_slope_100,0.020242117402506383
11,chargetime_mean_100,-0.022639496642694823
11,Tavg_mean_100,0.011393839843123608
11,IR_mean_100,0.00792050820440909
12,log_dq_var,-0.01704774939968241
12,charge_I_time_std_5,-0.037965440458366896
12,QD_slope_100,0.008296248409155308
12,chargetime_mean_100,-0.016888791661790234
12,Tavg_mean_100,0.007270514923790986
12,IR_mean_100,0.004359868827930536
13,log_dq_var,-0.01573766863638948
13,charge_I_time_std_5,-0.03441878579951911
13,QD_slope_100,0.004932967813481535
13,chargetime_mean_100,-0.013827187983635554
13,Tavg_mean_100,-0.009209375648015569
13,IR_mean_100,-0.0015500446269627588
14,log_dq_var,-0.022805884773088713
14,charge_I_time_std_5,-0.04159722450446831
14,QD_slope_100,-0.0030187201335390283
14,chargetime_mean_100,-0.013224605811163269
14,Tavg_mean_100,-0.005695489509701992
14,IR_mean_100,-0.010025322763887467
15,log_dq_var,-0.02668669923185941
15,charge_I_time_std_5,-0.033919191460429335
15,QD_slope_100,-0.0004569836375280957
15,chargetime_mean_100,-0.021025340281775006
15,Tavg_mean_100,0.0003543237167640831
15,IR_mean_100,0.02127239440550327
16,log_dq_var,-0.004030524870870479
16,charge_I_time_std_5,-0.04522665554694194
16,QD_slope_100,0.027417154042729524
16,chargetime_mean_100,0.0009233450914190735
16,Tavg_mean_100,-0.008795546905062615
16,IR_mean_100,0.003063715414348957
17,log_dq_var,-0.011293830364088046
17,charge_I_time_std_5,-0.05324990307941468
17,QD_slope_100,0.0003839785375271198
17,chargetime_mean_100,-0.017904940361255506
17,Tavg_mean_100,-0.0050020317599804315
17,IR_mean_100,-0.002427406125112654
18,log_dq_var,-0.021627218426438114
18,charge_I_time_std_5,-0.048084947428693
18,QD_slope_100,0.004660002878695852
18,chargetime_mean_100,-0.022221625761275527
18,Tavg_mean_100,-0.0028796387193848
18,IR_mean_100,0.024247421837907783
19,log_dq_var,-0.020684363535158335
19,charge_I_time_std_5,-0.032064193851276526
19,QD_slope_100,0.0167331085386665
19,chargetime_mean_100,-0.016796719680232206
19,Tavg_mean_100,-0.009480235917700947
19,IR_mean_100,0.002000228354660526
