batch,feature,train_min,train_max,test_min,test_max,missing_n,outside_train_range_n,observed_n
2,log_dq_var,-4.146896530502188,-3.3503380515995875,-4.448585173324752,-3.085881724279185,0,18,39
2,charge_I_time_std_5,1.8933613092429111,2.339034520381749,2.002532404180663,2.2207383415838753,0,0,39
2,QD_slope_100,-0.0001397761818181,2.904936054421284e-05,-0.0001948491799628,0.0001200828880643,0,18,39
2,chargetime_mean_100,8.987271380471347,14.92770846801342,10.035777525252517,49.87950749158258,0,10,39
2,Tavg_mean_100,30.375396745150564,33.89497000372245,29.88150861827619,35.66789148456313,0,7,39
2,IR_mean_100,0.0150902362346938,0.0180047544141414,0.0147906225757575,0.0177005725757575,6,4,33
3,log_dq_var,-4.146896530502188,-3.3503380515995875,-5.098855849397497,-3.451657893017001,0,24,44
3,charge_I_time_std_5,1.8933613092429111,2.339034520381749,1.8141495893456556,2.2225028485192557,0,6,44
3,QD_slope_100,-0.0001397761818181,2.904936054421284e-05,-0.0002023977884972,9.732244897959292e-06,0,3,44
3,chargetime_mean_100,8.987271380471347,14.92770846801342,10.04115065656567,11.040740218855252,0,0,44
3,Tavg_mean_100,30.375396745150564,33.89497000372245,31.262889334066085,36.79033178065713,0,26,44
3,IR_mean_100,0.0150902362346938,0.0180047544141414,0.0134208849696969,0.0183069925353535,0,11,44
