split,cell_id,actual,predicted,APE_pct
Valid_B1_reused,b1c5,1074.0,951.7239905236962,11.38510330319402
Valid_B1_reused,b1c6,636.0,767.6851196875502,20.70520749804249
Valid_B1_reused,b1c7,870.0,787.7086252494731,9.458778706957112
Valid_B1_reused,b1c23,1014.0,889.7413602334261,12.25430372451419
Valid_B1_reused,b1c38,617.0,616.9394753386744,0.009809507508208111
Valid_B1_reused,b1c39,625.0,649.0275663380484,3.844410614087738
Valid_B1_reused,b1c40,966.0,896.2137198648252,7.22425260198497
Valid_B1_reused,b1c41,1051.0,903.5309534325618,14.031307951231039
Test_B2_reused,b2c0,477.0,641.2759741123655,34.439407570726516
Test_B2_reused,b2c1,491.0,556.3427526519497,13.30809626312621
Test_B2_reused,b2c2,424.0,629.14896746605,48.384190440106124
Test_B2_reused,b2c3,499.0,645.3060659657676,29.319852898951424
Test_B2_reused,b2c4,444.0,526.9214265209973,18.675996964188588
Test_B2_reused,b2c5,416.0,461.105057080511,10.842561798199764
Test_B2_reused,b2c6,393.0,660.4765626040354,68.06019404682834
Test_B2_reused,b2c7,777.0,975.4210682649878,25.536817022520946
Test_B2_reused,b2c8,904.0,917.4050183370687,1.4828560107376845
Test_B2_reused,b2c9,791.0,1026.0342604088164,29.71356010225239
Test_B2_reused,b2c10,492.0,624.9527688229057,27.022920492460507
Test_B2_reused,b2c11,449.0,640.4358703176846,42.636051295698124
Test_B2_reused,b2c12,466.0,497.9517178725206,6.856591818137465
Test_B2_reused,b2c13,460.0,577.1689276045179,25.471506000982146
Test_B2_reused,b2c14,426.0,475.7555553099377,11.679707819234196
Test_B2_reused,b2c15,396.0,654.2875788459593,65.22413607221193
Test_B2_reused,b2c16,472.0,644.6946956191168,36.58785924133831
Test_B2_reused,b2c17,471.0,647.1469622930168,37.398505794695716
Test_B2_reused,b2c18,449.0,740.0455540286243,64.8208360865533
Test_B2_reused,b2c19,392.0,553.607593887939,41.22642701222932
Test_B2_reused,b2c20,489.0,620.6459538256258,26.92146295002573
Test_B2_reused,b2c21,408.0,569.1930223142463,39.508093704472124
Test_B2_reused,b2c24,514.0,710.2323980465987,38.17750934758731
Test_B2_reused,b2c25,493.0,662.4687801655331,34.375006118769384
Test_B2_reused,b2c26,450.0,522.22924202209,16.050942671575562
Test_B2_reused,b2c27,474.0,640.7996441502264,35.189798343929624
Test_B2_reused,b2c28,437.0,612.6136628033577,40.186192861180245
Test_B2_reused,b2c29,452.0,650.6948947989125,43.9590475218833
Test_B2_reused,b2c30,412.0,505.7806364741217,22.76229040634022
Test_B2_reused,b2c31,425.0,580.720028713039,36.640006756009186
Test_B2_reused,b2c32,809.0,930.4420044465005,15.011372613906119
Test_B2_reused,b2c33,1140.0,975.4023184920053,14.438393114736378
Test_B2_reused,b2c34,1186.0,1072.788875284928,9.545626029938612
Test_B2_reused,b2c41,442.0,499.9256206542983,13.105344039434009
Test_B2_reused,b2c42,474.0,639.1765181166046,34.84736669126679
Test_B2_reused,b2c43,1029.0,993.4262789214299,3.45711575107581
Test_B2_reused,b2c44,841.0,1035.0556638700587,23.074395228306617
Test_B2_reused,b2c45,997.0,950.0797542279007,4.706143006228615
Test_B2_reused,b2c46,503.0,650.9763187933735,29.41875125116769
Additional_B3_reused,b3c0,1009.0,981.4560971065443,2.7298218923147326
Additional_B3_reused,b3c1,1063.0,999.6031529462539,5.963955508348646
Additional_B3_reused,b3c2,1267.0,1221.274742558414,3.6089390245924315
Additional_B3_reused,b3c3,1115.0,923.7724436230532,17.15045348672169
Additional_B3_reused,b3c4,1048.0,951.5389236874654,9.204301174860172
Additional_B3_reused,b3c5,828.0,922.792191855784,11.448332349732372
Additional_B3_reused,b3c6,667.0,658.5322624564152,1.2695258686034188
Additional_B3_reused,b3c7,1836.0,1090.8143642948958,40.58745292511461
Additional_B3_reused,b3c8,828.0,912.638536717748,10.222045497312564
Additional_B3_reused,b3c9,1039.0,863.4836451654861,16.892815672234253
Additional_B3_reused,b3c10,1078.0,1056.0775876048815,2.0336189605861317
Additional_B3_reused,b3c11,817.0,819.7740661103153,0.3395429755587869
Additional_B3_reused,b3c12,932.0,847.5454432119824,9.061647724036224
Additional_B3_reused,b3c13,816.0,913.8337692909179,11.989432511141896
Additional_B3_reused,b3c14,858.0,871.2809408709137,1.5478952064001976
Additional_B3_reused,b3c15,876.0,871.7373244269736,0.4866068005737899
Additional_B3_reused,b3c16,1638.0,1183.1800081820668,27.76678826727309
Additional_B3_reused,b3c17,1315.0,1068.8064122860671,18.72194583375915
Additional_B3_reused,b3c18,1146.0,985.467753741633,14.008049411724866
Additional_B3_reused,b3c19,1155.0,948.6105521722147,17.86921626214591
Additional_B3_reused,b3c20,813.0,901.2105935419643,10.850011505776664
Additional_B3_reused,b3c21,772.0,738.7096787126077,4.312217783340974
Additional_B3_reused,b3c22,1002.0,892.4475184408753,10.933381393126213
Additional_B3_reused,b3c24,825.0,941.1202252397122,14.075178816934816
Additional_B3_reused,b3c25,989.0,937.21759174467,5.23583501065015
Additional_B3_reused,b3c26,1028.0,969.9615443288438,5.645764170345929
Additional_B3_reused,b3c27,850.0,929.8432748159007,9.393326448929496
Additional_B3_reused,b3c28,541.0,625.2929173654738,15.580945908590357
Additional_B3_reused,b3c29,858.0,899.9678407036339,4.891356725365256
Additional_B3_reused,b3c30,935.0,916.4188693074698,1.9872867050834464
Additional_B3_reused,b3c31,731.0,799.4318762254521,9.36140577639564
Additional_B3_reused,b3c33,1284.0,1049.1390579776714,18.291350624791942
Additional_B3_reused,b3c34,1158.0,1008.6330834790431,12.898697454314071
Additional_B3_reused,b3c35,1093.0,976.8521721782771,10.626516726598618
Additional_B3_reused,b3c36,923.0,985.2010857212213,6.739012537510429
Additional_B3_reused,b3c37,1390.0,1364.6792717502294,1.8216351258827757
Additional_B3_reused,b3c38,1935.0,1024.9692416004987,47.0300133539794
Additional_B3_reused,b3c39,1156.0,1075.5045269677362,6.963276213863652
Additional_B3_reused,b3c40,796.0,1003.8968978869486,26.117700739566413
Additional_B3_reused,b3c41,786.0,969.9624227128426,23.404888385857834
Additional_B3_reused,b3c42,1642.0,1026.8283217599924,37.464779429963926
Additional_B3_reused,b3c43,1046.0,1013.6104433466622,3.096515932441469
Additional_B3_reused,b3c44,940.0,930.4551866595832,1.0154056745124251
Additional_B3_reused,b3c45,1801.0,1105.2271250295125,38.63258606165949
