candidate,mean_MAPE_pct,std_MAPE_pct,max_MAPE_pct
mape_linear,8.05276762401854,1.8994035944643417,12.714405547831358
relative_squared_linear,8.167907144926822,1.6429372276142997,11.251179226358515
absolute_linear,8.186785149650083,2.215453909515234,13.262584586756942
huber_raw,8.629478059222766,1.8871294790360391,12.544064699029661
previous_linear,8.69049932555672,1.9848436108291305,12.565002479143844
ridge_raw_1,8.732165886802788,2.0458318292728053,12.827379141915172
median_log,8.801783319941077,2.389296772314965,15.339527985086551
linear_log,8.960408551875844,2.007913311984592,13.775651501328461
huber_log,9.186411575853274,2.043411572571046,13.671262539655322
ridge_raw_10,9.762614836919463,2.3650836798757227,14.427030408488726
