fold,cell_id,actual,predicted,previous_predicted
1,b1c16,862.0,885.822773178237,915.2371952630032
1,b1c17,857.0,838.4705705662387,863.0864767365001
1,b1c20,534.0,617.5904654907016,619.8231108845379
1,b1c21,559.0,611.3993962310294,613.0046591013163
1,b1c30,709.0,755.8733579348606,772.1191352105268
1,b1c31,876.0,767.9751252198974,785.4472556472156
1,b1c34,742.0,793.9432622876174,814.0469180108237
1,b1c35,703.0,766.096922199327,783.3787217320354
1,b1c44,616.0,637.1764529032715,641.3938776128791
1,b1c45,599.0,638.8588137612446,643.2467233671321
2,b1c11,788.0,929.9536747757384,952.2147174848986
2,b1c18,691.0,697.375011436685,708.3965656215844
2,b1c19,788.0,683.2495341139886,693.5884670386706
2,b1c24,1017.0,832.4713304024191,850.0214865875446
2,b1c25,854.0,874.2415903697181,893.8103167487632
2,b1c32,731.0,695.6817321677039,706.6214577246507
2,b1c33,757.0,705.3226223805825,716.7282491227697
2,b1c42,702.0,704.7600078297943,716.1384459223591
2,b1c43,651.0,705.6603721203379,717.0823207996691
3,b1c9,1054.0,867.3276370883875,875.9094834016803
3,b1c14,880.0,861.6936379600879,870.4198269550482
3,b1c15,719.0,849.793822942602,858.8248844041449
3,b1c26,870.0,755.5418415072526,766.987632443016
3,b1c27,842.0,780.2901013035256,791.1018434749485
3,b1c28,860.0,776.4852256032473,787.394448436183
3,b1c29,917.0,773.7642076167651,784.7431427489203
3,b1c36,704.0,702.3416448504229,715.1504212740797
3,b1c37,648.0,704.2194773204441,716.9801438015411
