candidate,seed,MAPE_pct,MAE_cycles,RMSE_cycles,n,nonpositive_predictions,outer_fold
previous_linear,0,10.379222805722497,75.71643245740029,95.96926375508423,6,0,1
relative_squared_linear,0,9.31532629672015,68.51618752596029,85.26032819526529,6,0,1
mape_linear,0,9.232353027208246,68.90354371757361,79.20063321638983,6,0,1
absolute_linear,0,12.853475919202802,95.61212308241424,123.14792061260181,6,0,1
huber_raw,0,11.122263673214402,81.85571872149205,105.78598180207891,6,0,1
huber_log,0,11.040978159633406,81.40462626596712,104.68912731984858,6,0,1
median_log,0,13.71592799420294,102.62050073505019,133.11144569235816,6,0,1
linear_log,0,10.255469868201429,75.24419560691528,93.54161015275844,6,0,1
ridge_raw_1,0,10.322117179651903,74.9690145760618,94.46341934905088,6,0,1
ridge_raw_10,0,10.257961906781004,73.20226889447666,91.16797199191858,6,0,1
previous_linear,1,10.840541043453454,81.4100296347719,96.8508791244677,6,0,1
relative_squared_linear,1,9.825307859736228,74.73110165653043,89.93298374715711,6,0,1
mape_linear,1,10.014897717320336,77.21207712861138,87.75999751464222,6,0,1
absolute_linear,1,11.353069341027371,85.48087777892859,104.96009605743541,6,0,1
huber_raw,1,10.925362572362554,82.22113747662274,98.52422243741854,6,0,1
huber_log,1,11.272247590396125,85.16546122363837,101.79680758780003,6,0,1
median_log,1,11.895275905528653,89.88160596495813,110.56616006787701,6,0,1
linear_log,1,10.724238558695378,81.0372936745395,95.6442841569267,6,0,1
ridge_raw_1,1,10.809728068299513,80.90412991927663,95.73653886004415,6,0,1
ridge_raw_10,1,11.114466674584085,82.43344248698143,94.28300749390186,6,0,1
previous_linear,2,11.198622137127575,98.00935316375691,114.35745925500363,5,0,1
relative_squared_linear,2,10.759492297783284,95.944996596732,113.67284956579623,5,0,1
mape_linear,2,11.32068007781909,100.5953005019589,117.38903495985308,5,0,1
absolute_linear,2,11.32068007781909,100.5953005019589,117.38903495985308,5,0,1
huber_raw,2,11.692287380164155,101.4700177135798,119.54097019239445,5,0,1
huber_log,2,12.678058461757935,109.42341053518786,129.43694241523775,5,0,1
median_log,2,11.773235703888119,104.47409280963595,121.56926089921114,5,0,1
linear_log,2,11.628542464937471,102.01128161041022,118.14726822567796,5,0,1
ridge_raw_1,2,10.849993208047053,95.43615760810398,111.60783407965641,5,0,1
ridge_raw_10,2,9.336238687654042,84.56431023643825,105.60276772929704,5,0,1
previous_linear,3,11.198622137127575,98.00935316375691,114.35745925500363,5,0,1
relative_squared_linear,3,10.759492297783284,95.944996596732,113.67284956579623,5,0,1
mape_linear,3,11.32068007781909,100.5953005019589,117.38903495985308,5,0,1
absolute_linear,3,11.32068007781909,100.5953005019589,117.38903495985308,5,0,1
huber_raw,3,11.692287380164155,101.4700177135798,119.54097019239445,5,0,1
huber_log,3,12.678058461757935,109.42341053518786,129.43694241523775,5,0,1
median_log,3,11.773235703888119,104.47409280963595,121.56926089921114,5,0,1
linear_log,3,11.628542464937471,102.01128161041022,118.14726822567796,5,0,1
ridge_raw_1,3,10.849993208047053,95.43615760810398,111.60783407965641,5,0,1
ridge_raw_10,3,9.336238687654042,84.56431023643825,105.60276772929704,5,0,1
previous_linear,4,8.083280212787884,59.27505217807004,64.17389108246581,6,0,1
relative_squared_linear,4,8.054403810374401,60.861097358192886,65.69943421092846,6,0,1
mape_linear,4,8.175555643965032,61.36995774725909,65.64346938786746,6,0,1
absolute_linear,4,7.921030855647166,59.05771349913268,63.59010821548732,6,0,1
huber_raw,4,7.946556013159976,58.95719560739116,63.47399470103445,6,0,1
huber_log,4,7.972122671109163,59.34497021365735,63.781822441475484,6,0,1
median_log,4,7.988365126057728,59.7238435204009,64.16817269712234,6,0,1
linear_log,4,8.108712010281149,60.09308784643495,64.39087928248875,6,0,1
ridge_raw_1,4,8.315228760997014,60.57440713873134,65.93837330916898,6,0,1
ridge_raw_10,4,9.45388527038728,66.95305876379581,79.45864878755204,6,0,1
previous_linear,5,12.136046754566909,94.99029502825495,109.84240446964705,6,0,1
relative_squared_linear,5,10.349774650086648,81.97215897501188,103.68412066387727,6,0,1
mape_linear,5,15.389813277518204,120.21614847392328,136.69316707530263,6,0,1
absolute_linear,5,15.389813277518204,120.21614847392328,136.69316707530263,6,0,1
huber_raw,5,15.507700576648833,121.18791426158911,138.35023088786932,6,0,1
huber_log,5,15.476134012165984,121.22741342032144,137.37701657577307,6,0,1
median_log,5,16.480545535188362,128.94433253207544,147.9517662352793,6,0,1
linear_log,5,11.801872206027408,92.75034324983301,108.76646697053717,6,0,1
ridge_raw_1,5,11.925601784618122,93.16625523975667,108.87993187822256,6,0,1
ridge_raw_10,5,11.48559295604441,89.43102310655861,109.64096944867109,6,0,1
previous_linear,6,9.688030438745162,70.62350267541687,98.40588121379936,5,0,1
relative_squared_linear,6,8.387288348695883,61.207124351266955,82.62531163747326,5,0,1
mape_linear,6,11.380838565586895,85.9219596170916,128.08613979794725,5,0,1
absolute_linear,6,11.380838565586895,85.9219596170916,128.08613979794725,5,0,1
huber_raw,6,9.998874566223348,73.28393686800311,105.29844097795679,5,0,1
huber_log,6,10.272291585955948,75.51118936670355,109.94260960583031,5,0,1
median_log,6,12.817153403283383,97.31642252225565,153.21619514133886,5,0,1
linear_log,6,9.589732200535002,70.12075418787933,98.9226696653847,5,0,1
ridge_raw_1,6,9.81066390699976,71.13171402277723,96.5358275605949,5,0,1
ridge_raw_10,6,11.936755309593822,85.0890733814033,95.29417863502789,5,0,1
previous_linear,7,13.569119736239942,121.5062693924184,144.52611539979455,5,0,1
relative_squared_linear,7,13.571771371773691,123.87817545869113,150.0120258853096,5,0,1
mape_linear,7,11.028432177194352,98.82799320584886,118.53265746263575,5,0,1
absolute_linear,7,12.031454322491012,105.33238724642861,121.65219631333136,5,0,1
huber_raw,7,13.491994419157324,120.82055139260967,143.90090356619848,5,0,1
huber_log,7,13.452845762703609,120.81386482512426,144.33202963585504,5,0,1
median_log,7,12.045518949927454,105.512990841907,122.04634064272334,5,0,1
linear_log,7,13.484315195158537,121.3755063173068,145.2062907828724,5,0,1
ridge_raw_1,7,13.872338952839197,124.09428311713575,146.76643277734988,5,0,1
ridge_raw_10,7,15.414801924235427,137.25939641243718,158.38623439131266,5,0,1
previous_linear,8,12.233878054558563,87.28357217760355,93.04173196783516,6,0,1
relative_squared_linear,8,11.917801622759868,86.61192914622154,91.02620982220454,6,0,1
mape_linear,8,11.280258200356759,82.43181514460461,87.0579865648813,6,0,1
absolute_linear,8,10.927642468938492,79.27494121854006,84.15956526210684,6,0,1
huber_raw,8,12.062796166231744,86.68878965192255,91.69787086110578,6,0,1
huber_log,8,12.035819792249681,86.66701608525314,91.51953290129927,6,0,1
median_log,8,11.008528360438644,80.00500904299098,84.8049580040194,6,0,1
linear_log,8,12.147087065334027,87.20894501098235,92.28409729969086,6,0,1
ridge_raw_1,8,12.647144970656624,90.02030594171953,96.03193813427498,6,0,1
ridge_raw_10,8,14.675909831501643,103.45518078374339,111.28331645607533,6,0,1
previous_linear,9,6.1414743320144485,44.81124497720123,57.08710439333985,6,0,1
relative_squared_linear,9,6.343306389244688,48.029817720182734,58.16557103888129,6,0,1
mape_linear,9,6.921881725233779,54.053120943621174,63.64645040161833,6,0,1
absolute_linear,9,6.648505331520568,51.68142098901509,60.560268063587856,6,0,1
huber_raw,9,6.1882011079272194,45.48388396202987,57.130129325060615,6,0,1
huber_log,9,6.168936946812644,45.76988747983796,56.9675035264031,6,0,1
median_log,9,6.804996073520562,53.06211357734164,62.467617878894366,6,0,1
linear_log,9,6.191213095166903,45.80113175706125,57.0887085772412,6,0,1
ridge_raw_1,9,6.389647239424488,46.363260886261436,59.41246457981517,6,0,1
ridge_raw_10,9,8.829056246433577,63.226017796427165,74.53961786626354,6,0,1
previous_linear,10,12.324907980323395,96.1845607183039,110.90322886871493,6,0,1
relative_squared_linear,10,10.554737517057822,83.29018859166739,104.63058526862845,6,0,1
mape_linear,10,15.587194680484595,121.4462070464212,137.5415576134677,6,0,1
absolute_linear,10,15.587194680484595,121.4462070464212,137.5415576134677,6,0,1
huber_raw,10,15.754479891309844,122.8173661728926,139.81861012155625,6,0,1
huber_log,10,15.714811568106956,122.82533512817965,138.9093350525125,6,0,1
median_log,10,16.66810633973231,130.1091359621967,148.69389013548866,6,0,1
linear_log,10,11.986524015067964,93.92515086316733,109.7670170913351,6,0,1
ridge_raw_1,10,12.103701543883078,94.28574835535746,109.90446653850172,6,0,1
ridge_raw_10,10,11.596962296427693,90.06111852296198,110.42200032295203,6,0,1
previous_linear,11,10.134415793128916,72.03084471262082,96.92844466453332,6,0,1
relative_squared_linear,11,8.2061299867368,57.85259345854845,82.59791634811128,6,0,1
mape_linear,11,11.399878948366787,84.60657378910247,114.9195439979816,6,0,1
absolute_linear,11,13.530293222093917,101.37389914406367,139.92057583840352,6,0,1
huber_raw,11,10.713849089321958,77.33844654280404,106.58018469080662,6,0,1
huber_log,11,10.675973187765347,77.09014917112461,105.85537583250411,6,0,1
median_log,11,13.493388656562425,101.34817656412132,140.496623292436,6,0,1
linear_log,11,9.62776843215547,68.40672849303526,93.62102742299234,6,0,1
ridge_raw_1,11,10.431397829613587,73.90026691421407,96.54289368516174,6,0,1
ridge_raw_10,11,11.889309645083811,83.07743044930838,100.24132900399424,6,0,1
previous_linear,12,7.651290809491688,61.89647951307088,87.35010283447588,6,0,1
relative_squared_linear,12,7.131135667914911,59.55224312350001,91.1405144845858,6,0,1
mape_linear,12,6.970400515189934,59.22757040096536,84.78744835674104,6,0,1
absolute_linear,12,11.535839019722022,88.75749948040357,103.07744523283192,6,0,1
huber_raw,12,7.649915405690663,61.934047069147674,89.54927952748295,6,0,1
huber_log,12,7.512053277187751,61.154586720252496,89.22833867096683,6,0,1
median_log,12,11.503597779995257,88.57434395529775,103.04439356803722,6,0,1
linear_log,12,7.440229182591983,60.69146383225484,88.19319781763613,6,0,1
ridge_raw_1,12,7.931920068781302,63.82278557939725,89.50463997316375,6,0,1
ridge_raw_10,12,10.17817525929237,80.21347629162858,102.01144636568469,6,0,1
previous_linear,13,9.451606795021615,85.50135925817732,107.58721273483947,6,0,1
relative_squared_linear,13,10.895506326412766,98.90391715252531,121.52279746679895,6,0,1
mape_linear,13,9.644786416944182,87.3385157446585,108.26843051642864,6,0,1
absolute_linear,13,9.644786416944182,87.3385157446585,108.26843051642864,6,0,1
huber_raw,13,10.397475570543994,94.17582091319547,115.9733288167177,6,0,1
huber_log,13,10.659285720577357,96.63364694518368,118.8395367790196,6,0,1
median_log,13,9.840968922655591,89.18226909382535,110.54561628781927,6,0,1
linear_log,13,9.8991607442343,89.70538117343587,112.57417251382223,6,0,1
ridge_raw_1,13,9.55324309376324,86.34415745393785,108.13405310993798,6,0,1
ridge_raw_10,13,10.45872302152457,93.95336576823604,113.15960719504821,6,0,1
previous_linear,14,11.763214971885402,93.89140562715559,108.02471542599866,5,0,1
relative_squared_linear,14,10.910441467962295,89.8576976907724,108.38516122295665,5,0,1
mape_linear,14,10.131212618505113,83.74024400675755,100.82041558902162,5,0,1
absolute_linear,14,10.965262944746467,87.46312324500168,98.85540095564515,5,0,1
huber_raw,14,11.726345053209627,93.86252915364864,108.43246344565051,5,0,1
huber_log,14,11.596349471281545,93.05702047183652,107.8341895981139,5,0,1
median_log,14,10.939341685571014,87.22959635977506,98.67194700854223,5,0,1
linear_log,14,11.435331116086067,91.97289661897858,106.67576716994999,5,0,1
ridge_raw_1,14,12.04224595639043,95.93322830213899,110.7067076238632,5,0,1
ridge_raw_10,14,13.461664442785557,106.31989147488056,125.26366438885445,5,0,1
previous_linear,15,18.509604510637473,145.51103723250867,179.0667879889803,5,0,1
relative_squared_linear,15,17.731585793988465,139.89200347980528,167.6621532466984,5,0,1
mape_linear,15,22.076432937446818,173.35211833643802,217.6398160233065,5,0,1
absolute_linear,15,22.076432937446818,173.35211833643802,217.6398160233065,5,0,1
huber_raw,15,20.570420507380707,161.407474091686,202.6231022210807,5,0,1
huber_log,15,21.600900337540345,170.0533886911418,210.85931487197195,5,0,1
median_log,15,23.05542065125421,181.88122921595914,223.6328347479805,5,0,1
linear_log,15,19.53700051079961,154.1723344511435,186.45951216370352,5,0,1
ridge_raw_1,15,17.506822468939244,137.73167743018664,167.94972917230464,5,0,1
ridge_raw_10,15,12.405713822039539,98.15841234880925,115.91693745806698,5,0,1
previous_linear,16,11.474876003383095,100.92141241744564,117.83729822709023,5,0,1
relative_squared_linear,16,12.469011810386633,111.21856185577656,125.08856962325328,5,0,1
mape_linear,16,12.629760608118199,112.21479994493077,126.06193091567191,5,0,1
absolute_linear,16,12.629760608118199,112.21479994493077,126.06193091567191,5,0,1
huber_raw,16,12.131639524425056,107.86726844709919,122.46396817524999,5,0,1
huber_log,16,12.25221129232698,108.9751274033368,123.26397714059631,5,0,1
median_log,16,12.735679298337416,113.12967737127978,126.8365448906071,5,0,1
linear_log,16,11.770874218495871,103.79155464350421,119.67977169307633,5,0,1
ridge_raw_1,16,11.687892959571924,103.34680603597974,119.24386684894398,5,0,1
ridge_raw_10,16,12.771500954097709,115.68467792156623,130.05858029215494,5,0,1
previous_linear,17,9.207727532732195,76.39940029270008,101.60483906470786,6,0,1
relative_squared_linear,17,8.553609121964183,71.46124967276779,98.71042634810294,6,0,1
mape_linear,17,13.995789152285065,112.97240552674681,130.7017850995163,6,0,1
absolute_linear,17,16.53321899348622,132.30094832575412,158.14530643663295,6,0,1
huber_raw,17,14.455673087912704,116.44052293630197,139.4151340762731,6,0,1
huber_log,17,14.948106891996407,120.67380771804777,143.8820373876761,6,0,1
median_log,17,16.59833558610737,133.38629978293687,158.10071102162124,6,0,1
linear_log,17,9.217821561808632,76.67237305635935,101.76583887123567,6,0,1
ridge_raw_1,17,8.52573637581815,71.18919001377446,99.05825315703157,6,0,1
ridge_raw_10,17,7.1579194538709405,61.23123130642559,94.09866993480648,6,0,1
previous_linear,18,9.972865620711787,81.17103328810103,103.75860806813529,5,0,1
relative_squared_linear,18,8.56750087532016,72.69479802786415,103.37871449638267,5,0,1
mape_linear,18,13.504729827225873,106.60128727950044,120.7625647527534,5,0,1
absolute_linear,18,13.310639561549584,103.65837322959536,114.73728402237634,5,0,1
huber_raw,18,10.063043816362068,82.30780999168921,106.31496434042435,5,0,1
huber_log,18,9.677547053101353,79.53607518337199,104.7609581638642,5,0,1
median_log,18,13.257413808723841,103.27193081968919,114.41177019911184,5,0,1
linear_log,18,9.303927113506791,76.59529078493306,102.13245969202362,5,0,1
ridge_raw_1,18,10.439126759863964,84.71705838290704,106.57376984690129,5,0,1
ridge_raw_10,18,12.810976902507628,102.75553386518088,121.49159784159242,5,0,1
previous_linear,19,9.461802361602182,69.21364136810811,96.96507630235138,5,0,1
relative_squared_linear,19,8.201665260947381,60.093757357613185,81.14914885325496,5,0,1
mape_linear,19,11.11977741620244,84.26768899010627,127.41072035475206,5,0,1
absolute_linear,19,11.11977741620244,84.26768899010627,127.41072035475206,5,0,1
huber_raw,19,9.784155472328134,71.93134738219892,103.83764540243887,5,0,1
huber_log,19,10.094038819069702,74.38824493403403,108.56022928928112,5,0,1
median_log,19,12.613197007868152,96.08812028876548,153.0745967272793,5,0,1
linear_log,19,9.377589888477592,68.80047607709037,97.59049104114168,5,0,1
ridge_raw_1,19,9.596472653708389,69.8049746769796,95.04486744811811,5,0,1
ridge_raw_10,19,11.764997749786406,84.0428777465692,93.85798749765621,5,0,1
previous_linear,0,9.877970340663584,73.5595197818384,94.91255126599117,6,0,2
relative_squared_linear,0,9.16861453434791,68.79694719919063,88.3165806641202,6,0,2
mape_linear,0,8.571290922575018,64.6002904419413,83.37694898288615,6,0,2
absolute_linear,0,8.571290922575018,64.6002904419413,83.37694898288615,6,0,2
huber_raw,0,9.13741197930011,68.50206891037173,87.6861048206718,6,0,2
huber_log,0,9.689687746959665,73.64377212331605,95.95100140989545,6,0,2
median_log,0,8.906650413394422,68.22600097979569,87.31187609014258,6,0,2
linear_log,0,9.927269794121859,75.2100610707247,97.86525934382445,6,0,2
ridge_raw_1,0,9.647174492358738,71.66515847874005,91.09459632948155,6,0,2
ridge_raw_10,0,9.359268134004639,69.82667526227443,79.21716059898787,6,0,2
previous_linear,1,10.109376523551889,77.25410979563316,95.55904947135967,6,0,2
relative_squared_linear,1,9.761283694042982,75.00916897984597,92.42604058482492,6,0,2
mape_linear,1,10.24900783100866,78.23033259792915,94.04988527749192,6,0,2
absolute_linear,1,9.245158377297603,71.6304298380367,90.44203353395396,6,0,2
huber_raw,1,9.577343326358168,73.8174600695154,91.53886844521926,6,0,2
huber_log,1,10.617013310712323,82.14432175600696,99.45431519047342,6,0,2
median_log,1,9.257529996157784,72.96566787226469,93.8453179596725,6,0,2
linear_log,1,10.57528109676293,81.90688636026817,101.08975186703233,6,0,2
ridge_raw_1,1,9.014687592064647,70.07753418752019,90.96729975718316,6,0,2
ridge_raw_10,1,9.7879793860708,74.61975340990465,84.62669496494105,6,0,2
previous_linear,2,7.00005251111895,59.26376038281254,69.88594253407346,6,0,2
relative_squared_linear,2,7.490471207670987,64.04772253220928,77.89651409187978,6,0,2
mape_linear,2,7.2240610594809045,61.48557878260035,73.4903397965477,6,0,2
absolute_linear,2,7.118561706538514,60.48135258072441,71.98564709955164,6,0,2
huber_raw,2,7.255999600147595,61.829554149700186,74.15808893712065,6,0,2
huber_log,2,7.691465838174618,65.86605264774808,80.02048130627452,6,0,2
median_log,2,7.924692812904653,68.08317089135024,82.91459190784906,6,0,2
linear_log,2,7.575429348738105,64.75153725142049,78.69360510301084,6,0,2
ridge_raw_1,2,6.9366199673288405,58.740459825449136,69.68462390701396,6,0,2
ridge_raw_10,2,8.105002062671685,68.89507660524386,79.41022685381073,6,0,2
previous_linear,3,7.00005251111895,59.26376038281254,69.88594253407346,6,0,2
relative_squared_linear,3,7.490471207670987,64.04772253220928,77.89651409187978,6,0,2
mape_linear,3,7.2240610594809045,61.48557878260035,73.4903397965477,6,0,2
absolute_linear,3,7.118561706538514,60.48135258072441,71.98564709955164,6,0,2
huber_raw,3,7.255999600147595,61.829554149700186,74.15808893712065,6,0,2
huber_log,3,7.691465838174618,65.86605264774808,80.02048130627452,6,0,2
median_log,3,7.924692812904653,68.08317089135024,82.91459190784906,6,0,2
linear_log,3,7.575429348738105,64.75153725142049,78.69360510301084,6,0,2
ridge_raw_1,3,6.9366199673288405,58.740459825449136,69.68462390701396,6,0,2
ridge_raw_10,3,8.105002062671685,68.89507660524386,79.41022685381073,6,0,2
previous_linear,4,7.607653216657228,51.86717317405851,57.934401904666,6,0,2
relative_squared_linear,4,7.476605483460876,52.33759031980704,60.37680279462436,6,0,2
mape_linear,4,6.110462507768105,44.41884424367097,55.881833259188525,6,0,2
absolute_linear,4,6.110462507768105,44.41884424367097,55.881833259188525,6,0,2
huber_raw,4,7.2895695107355385,50.70801457544428,58.04316852192101,6,0,2
huber_log,4,7.525743099072681,52.39087227142934,60.847059176186626,6,0,2
median_log,4,6.665788063228456,48.689649778517754,60.60426235917006,6,0,2
linear_log,4,8.079427628038962,55.051281002099564,61.5521770995989,6,0,2
ridge_raw_1,4,8.764901494135797,58.47281465063668,63.33246251848259,6,0,2
ridge_raw_10,4,14.651773166526844,92.07542564018688,99.76262943065993,6,0,2
previous_linear,5,10.46693289308427,77.73042839478374,97.3182677763656,6,0,2
relative_squared_linear,5,9.732130914548467,72.17324723981118,91.15265720721037,6,0,2
mape_linear,5,8.646160818630204,64.3372884865118,84.88404150748279,6,0,2
absolute_linear,5,10.169025129567832,74.91112486937662,92.6610533551373,6,0,2
huber_raw,5,10.05162726259616,74.64326340250176,93.92184459935463,6,0,2
huber_log,5,11.038854928839099,82.76238876111081,104.59678390993031,6,0,2
median_log,5,13.355416881523935,99.58865192995643,123.19331162082834,6,0,2
linear_log,5,10.630301364331446,79.94466236373347,102.29520710818834,6,0,2
ridge_raw_1,5,9.257474807951773,69.59492160468017,91.83252404835542,6,0,2
ridge_raw_10,5,9.84370263849856,70.33647006600512,80.71425077931873,6,0,2
previous_linear,6,10.103368246527884,74.90310089561461,79.72882677505203,6,0,2
relative_squared_linear,6,7.639140714913574,56.185397920834646,62.18517009293477,6,0,2
mape_linear,6,10.867838307025206,81.08900880012216,86.10913495716265,6,0,2
absolute_linear,6,13.83474190192476,103.87957378931198,108.8707804575107,6,0,2
huber_raw,6,13.705510361594184,102.9475359547457,108.03616530287474,6,0,2
huber_log,6,12.606412430418834,96.34204295789196,106.48509088235136,6,0,2
median_log,6,14.485260081955303,111.03039447696246,122.3647567815766,6,0,2
linear_log,6,9.094216647626443,68.57274326166656,76.22619890163853,6,0,2
ridge_raw_1,6,9.646365004396223,70.92833727852862,75.72334870140823,6,0,2
ridge_raw_10,6,7.8810011531824316,55.502875058580116,64.26395481823758,6,0,2
previous_linear,7,9.37856295042724,80.74123396413059,98.67802453074476,5,0,2
relative_squared_linear,7,8.86299497432326,78.4424132769177,102.75845484173641,5,0,2
mape_linear,7,8.747160415141963,76.43552503451046,97.15178710502548,5,0,2
absolute_linear,7,8.963676370966233,77.82313814336858,97.24051126853769,5,0,2
huber_raw,7,9.027840470199664,78.38721163016233,97.93725719044906,5,0,2
huber_log,7,8.372754393906696,73.66833968529883,94.830564258555,5,0,2
median_log,7,8.515004094571053,75.30611913590398,97.9553589223741,5,0,2
linear_log,7,8.451312092738203,74.20705672589011,95.48542578914765,5,0,2
ridge_raw_1,7,9.716824815733457,83.66896122366477,102.23136951828502,5,0,2
ridge_raw_10,7,11.49269960859108,99.03952933621903,121.53512727404028,5,0,2
previous_linear,8,6.162836322451271,48.50457398309476,64.10085357669526,6,0,2
relative_squared_linear,8,6.848203361586863,54.12400093763978,70.86053249751699,6,0,2
mape_linear,8,8.131276049228385,62.327132737255226,74.77514978909916,6,0,2
absolute_linear,8,6.246865006040772,49.71477877815435,67.38263858013312,6,0,2
huber_raw,8,6.623112513776798,52.17386216615146,68.54552400343788,6,0,2
huber_log,8,7.093953869904233,56.11400939397456,72.15907648439644,6,0,2
median_log,8,7.036225027988328,56.262259361343204,74.14798657382697,6,0,2
linear_log,8,6.349485463467873,50.733817775228864,68.1827760546343,6,0,2
ridge_raw_1,8,6.176024084653544,48.78248225435053,64.87903594035086,6,0,2
ridge_raw_10,8,10.87489533651239,78.49176078445409,83.35216865099198,6,0,2
previous_linear,9,8.007921083084975,59.212518570340194,64.25590097003057,6,0,2
relative_squared_linear,9,7.213046981741107,54.639892054154096,61.03644096394434,6,0,2
mape_linear,9,7.25394327028168,54.78536587445791,60.96103630533184,6,0,2
absolute_linear,9,7.373916401078735,55.542543695500854,61.358269176505765,6,0,2
huber_raw,9,7.7159706342718755,57.49482690961537,62.65861511245303,6,0,2
huber_log,9,6.984891136917142,52.97252283623749,60.088987629474445,6,0,2
median_log,9,6.759092665480626,51.855403168922464,60.20801316679992,6,0,2
linear_log,9,7.073567845159475,53.59947985231256,60.42382218712642,6,0,2
ridge_raw_1,9,8.178638381001424,60.45832768344777,65.02302816935546,6,0,2
ridge_raw_10,9,9.047069853011187,66.79570447621235,70.25647605518316,6,0,2
previous_linear,10,11.682658692605575,86.47519762479402,102.60285526655692,6,0,2
relative_squared_linear,10,10.614973015180192,78.87006152474991,95.87773823899461,6,0,2
mape_linear,10,11.36707799181459,84.15818771527836,100.21627550021496,6,0,2
absolute_linear,10,12.67126669799147,93.54896037412328,109.65392959401176,6,0,2
huber_raw,10,11.578851516696604,85.71354478996818,101.81194878888785,6,0,2
huber_log,10,11.539711964291586,86.75811389947802,107.5296446185848,6,0,2
median_log,10,13.215674271637393,98.86642143252129,119.86384365230418,6,0,2
linear_log,10,11.189287120064424,84.08983772963404,104.37568664279374,6,0,2
ridge_raw_1,10,11.368671136433635,83.84052233657611,98.83939688524575,6,0,2
ridge_raw_10,10,10.37917999974037,75.78624290381157,85.53228328746813,6,0,2
previous_linear,11,14.80823972089148,107.02448466195555,120.71348702041753,6,0,2
relative_squared_linear,11,13.64912270062474,98.59607620099528,113.27010268881133,6,0,2
mape_linear,11,13.922298634150506,100.56856689008306,114.94693548733353,6,0,2
absolute_linear,11,16.987826446722096,123.31596201516118,137.02821422806002,6,0,2
huber_raw,11,16.822963110554454,122.12882626251093,136.00165772427232,6,0,2
huber_log,11,15.687705840782323,114.90608443803585,134.20569797418057,6,0,2
median_log,11,17.660797342705738,129.72280794452863,149.68551022011854,6,0,2
linear_log,11,13.944039999815185,101.65706146371997,119.77691508176089,6,0,2
ridge_raw_1,11,14.289957625492159,102.84324857804302,115.59565269805695,6,0,2
ridge_raw_10,11,11.653479140199915,81.57348241205297,94.26815562571358,6,0,2
previous_linear,12,9.475751478872384,69.22341962365498,72.57611202096476,6,0,2
relative_squared_linear,12,8.046353228070629,59.69538119155675,66.16459439113117,6,0,2
mape_linear,12,7.807935552654559,58.10581304621477,65.34467525074915,6,0,2
absolute_linear,12,7.807935552654559,58.10581304621477,65.34467525074915,6,0,2
huber_raw,12,9.540387561116153,69.66027084943896,72.99897871556665,6,0,2
huber_log,12,8.380241022461112,61.97546516026792,67.7684373150346,6,0,2
median_log,12,6.77619830893503,51.27561062151555,62.810063629194794,6,0,2
linear_log,12,7.860092373195886,58.49321270028012,65.68003067743116,6,0,2
ridge_raw_1,12,9.626915144196103,70.21845009009722,73.26782896606505,6,0,2
ridge_raw_10,12,10.395878137364555,75.2801268106946,77.81166118687332,6,0,2
previous_linear,13,8.00501605303692,65.55552744404277,80.54056694356667,6,0,2
relative_squared_linear,13,8.920548403156193,72.73610893992422,89.45819240256525,6,0,2
mape_linear,13,8.626652365818329,70.28440251714785,86.00393762777448,6,0,2
absolute_linear,13,8.198140433836535,66.50714635368574,80.38228022377527,6,0,2
huber_raw,13,8.467502041441826,69.44092769787,85.93278600382828,6,0,2
huber_log,13,9.413105329175453,75.74425819971371,91.81384788218045,6,0,2
median_log,13,9.486726684146516,74.7693733306567,87.11315436640788,6,0,2
linear_log,13,9.260728680794335,73.91161607758562,88.0044755198774,6,0,2
ridge_raw_1,13,8.983824486742416,71.00394215042063,82.29234318306861,6,0,2
ridge_raw_10,13,13.962980432113897,98.71979087416908,103.04174763311293,6,0,2
previous_linear,14,13.914560581759334,96.10986436286987,108.73336460414471,5,0,2
relative_squared_linear,14,10.043094573013848,74.56875427082798,98.35540627274118,5,0,2
mape_linear,14,5.632231765198603,47.61965036491561,77.29873721921575,5,0,2
absolute_linear,14,5.632231765198603,47.61965036491561,77.29873721921575,5,0,2
huber_raw,14,9.716919262060179,71.12817949578849,91.33149982790435,5,0,2
huber_log,14,11.54847148929721,81.43319931100689,96.8408488113508,5,0,2
median_log,14,6.675152029343268,52.78503225902371,79.51275974348755,5,0,2
linear_log,14,14.381833707530173,98.64275642532114,110.44265392173867,5,0,2
ridge_raw_1,14,15.386633780035202,104.95111150058324,115.85002062746122,5,0,2
ridge_raw_10,14,23.115018070983588,151.36765897357884,156.685927552093,5,0,2
previous_linear,15,12.076283292701588,97.93508923774768,115.83737605912688,6,0,2
relative_squared_linear,15,10.09519979288518,82.08482035692259,98.6854716683228,6,0,2
mape_linear,15,8.41385674349038,69.1111296496886,88.16859545339084,6,0,2
absolute_linear,15,11.62826258510944,94.09129792927088,112.68410071913111,6,0,2
huber_raw,15,11.846765775216483,96.08206658019645,113.62711864132572,6,0,2
huber_log,15,13.758490671323113,112.13562571162988,129.75375438152764,6,0,2
median_log,15,14.199755743265966,115.46879167220514,135.70896576563302,6,0,2
linear_log,15,13.736084062488304,111.95580072262305,129.52323027155134,6,0,2
ridge_raw_1,15,11.084890816244009,89.91316894420896,106.7174807139346,6,0,2
ridge_raw_10,15,8.014267277927013,66.22040543813544,82.37755286903891,6,0,2
previous_linear,16,11.875766788669104,103.63991715518596,119.07595754872538,5,0,2
relative_squared_linear,16,12.03532585413573,105.70101147813087,121.81245153164744,5,0,2
mape_linear,16,13.763915009705519,123.89426316695346,136.40261766211816,5,0,2
absolute_linear,16,12.128252925919373,106.76326851480408,122.3643369098098,5,0,2
huber_raw,16,12.611889103335184,111.78324089225025,125.89425298859305,5,0,2
huber_log,16,12.461642772848618,109.47788857277737,125.1313695569318,5,0,2
median_log,16,12.521133657668058,108.17053399829918,120.18708074555803,5,0,2
linear_log,16,12.430495894395685,107.46606696238175,119.77290932375183,5,0,2
ridge_raw_1,16,11.968243760250681,105.2904130107419,121.20573422019136,5,0,2
ridge_raw_10,16,13.99830050967606,127.54757956028509,141.1505187049115,5,0,2
previous_linear,17,13.62361548167352,102.4305084736137,114.28937929956922,6,0,2
relative_squared_linear,17,12.571594168927955,94.74047100607145,106.65735132931835,6,0,2
mape_linear,17,13.883551134785746,104.27553609785282,116.09765696991724,6,0,2
absolute_linear,17,13.883551134785746,104.27553609785282,116.09765696991724,6,0,2
huber_raw,17,13.945984723263225,104.81618892240944,116.82298225387166,6,0,2
huber_log,17,14.700815788723798,111.45926187589002,126.48990396274824,6,0,2
median_log,17,14.86724174679799,112.64183841858132,127.61278410953861,6,0,2
linear_log,17,13.3511394934024,101.33628652875181,115.44979038269018,6,0,2
ridge_raw_1,17,12.946137611388913,97.20836592696357,108.48817021172403,6,0,2
ridge_raw_10,17,9.952150906602945,74.62391498080204,83.98283769069134,6,0,2
previous_linear,18,7.040268052145608,60.08840015562646,81.2412793481497,5,0,2
relative_squared_linear,18,6.940782417457464,59.503138978150744,82.08113471776483,5,0,2
mape_linear,18,7.038658253057625,60.02061368821844,81.90495957552261,5,0,2
absolute_linear,18,6.872771604485043,59.10726672488238,81.96376171624254,5,0,2
huber_raw,18,6.855811132799013,58.46675859126378,78.76292390689629,5,0,2
huber_log,18,6.324857593930947,53.43119534963105,70.52792696185955,5,0,2
median_log,18,6.520949990538691,54.64196275253412,71.33925264015818,5,0,2
linear_log,18,6.250636344590041,53.6378969813406,73.31054846182784,5,0,2
ridge_raw_1,18,7.441427176866893,63.119516770154384,84.67044534422102,5,0,2
ridge_raw_10,18,11.84181297345428,93.16576940991789,110.31171664040802,5,0,2
previous_linear,19,7.307561343418785,55.36378648003002,64.9170927328288,6,0,2
relative_squared_linear,19,5.739078339921214,42.24031597265495,48.847306180356625,6,0,2
mape_linear,19,10.103983059214418,75.8548287070261,83.66008415387375,6,0,2
absolute_linear,19,10.103983059214418,75.8548287070261,83.66008415387375,6,0,2
huber_raw,19,9.345500411433374,70.87415149097565,80.63512959728882,6,0,2
huber_log,19,9.461274658886303,72.76601728083722,86.12836717947306,6,0,2
median_log,19,11.866163831902735,90.4918022494973,104.29044146730858,6,0,2
linear_log,19,7.181408016866133,55.076745028246116,66.47202360299383,6,0,2
ridge_raw_1,19,6.4205621518006195,48.844744125978515,59.59696708485523,6,0,2
ridge_raw_10,19,7.65512677292043,51.925684446967615,57.83917551970827,6,0,2
previous_linear,0,7.508618616586088,65.55624897086437,99.854466297712,6,0,3
relative_squared_linear,0,7.733632122247255,67.6100890752453,102.01517109601804,6,0,3
mape_linear,0,8.107890314298619,70.57461552225789,104.01616239078113,6,0,3
absolute_linear,0,7.759593871319087,67.79085699100882,102.06114688401159,6,0,3
huber_raw,0,7.501215198436369,65.6375192939944,100.45289331829804,6,0,3
huber_log,0,7.784600804991356,67.81987593351921,102.01864384570405,6,0,3
median_log,0,8.430811123625027,73.39311240305908,106.96284782767172,6,0,3
linear_log,0,7.5840830279013245,66.25539883759075,101.00105583638039,6,0,3
ridge_raw_1,0,7.787034302938702,68.00782622913981,102.0433281244836,6,0,3
ridge_raw_10,0,9.349458213185036,81.50476379165035,115.18362265788423,6,0,3
previous_linear,1,5.244062876743443,39.04640744255689,53.291287095659406,6,0,3
relative_squared_linear,1,6.8776125300670286,50.336225198173544,62.52000491633745,6,0,3
mape_linear,1,8.659016528536872,62.67051801052562,72.92078958637107,6,0,3
absolute_linear,1,8.659016528536872,62.67051801052562,72.92078958637107,6,0,3
huber_raw,1,7.7341404051656975,56.2158053251307,67.27685192711603,6,0,3
huber_log,1,8.3652684364314,60.998314173290055,72.47079469056325,6,0,3
median_log,1,7.7539541073851135,56.96769848154192,69.6811279188588,6,0,3
linear_log,1,6.36751275063968,47.23410952747656,61.38994522825519,6,0,3
ridge_raw_1,1,4.794491909730048,35.89283388616875,49.52743944877941,6,0,3
ridge_raw_10,1,6.399449402501525,43.609023478729625,48.83703696596544,6,0,3
previous_linear,2,10.053427970342966,92.79926671786302,122.33907659314882,6,0,3
relative_squared_linear,2,9.512543559183877,88.12039014032979,119.6655142596149,6,0,3
mape_linear,2,10.186775960070475,94.21560064898851,125.25285920971571,6,0,3
absolute_linear,2,10.663668329957433,98.38940542398035,127.57150798093959,6,0,3
huber_raw,2,11.040015139432256,101.71722270987881,130.77963614532501,6,0,3
huber_log,2,10.069720143837763,93.17461431868402,125.08669127038986,6,0,3
median_log,2,10.135724003005604,93.85828862744557,125.27587269155853,6,0,3
linear_log,2,9.30148941238484,86.34020810130522,119.32681174592209,6,0,3
ridge_raw_1,2,10.679161992459758,98.43906268490211,127.11711877476534,6,0,3
ridge_raw_10,2,14.243824313089897,129.83386570238855,154.13082987522714,6,0,3
previous_linear,3,10.053427970342966,92.79926671786302,122.33907659314882,6,0,3
relative_squared_linear,3,9.512543559183877,88.12039014032979,119.6655142596149,6,0,3
mape_linear,3,10.186775960070475,94.21560064898851,125.25285920971571,6,0,3
absolute_linear,3,10.663668329957433,98.38940542398035,127.57150798093959,6,0,3
huber_raw,3,11.040015139432256,101.71722270987881,130.77963614532501,6,0,3
huber_log,3,10.069720143837763,93.17461431868402,125.08669127038986,6,0,3
median_log,3,10.135724003005604,93.85828862744557,125.27587269155853,6,0,3
linear_log,3,9.30148941238484,86.34020810130522,119.32681174592209,6,0,3
ridge_raw_1,3,10.679161992459758,98.43906268490211,127.11711877476534,6,0,3
ridge_raw_10,3,14.243824313089897,129.83386570238855,154.13082987522714,6,0,3
previous_linear,4,11.571198956714973,83.88251380190017,106.0278126953378,6,0,3
relative_squared_linear,4,10.397536825609382,77.3934751267034,102.92022652848506,6,0,3
mape_linear,4,8.904625673488912,70.20903858622596,102.19687855520719,6,0,3
absolute_linear,4,8.202898458188159,63.78649255238442,94.60521777056294,6,0,3
huber_raw,4,10.221713612533316,76.17755986114912,101.83745696765547,6,0,3
huber_log,4,10.223460509052087,75.87713644521374,102.60474551397192,6,0,3
median_log,4,8.560461405788455,66.41418083984472,97.62102781468005,6,0,3
linear_log,4,11.397264735428271,82.60831028780729,106.0991926406206,6,0,3
ridge_raw_1,4,12.340265949464046,88.84603387832124,110.11642729766074,6,0,3
ridge_raw_10,4,16.25247630388325,114.09524470185441,132.6972606607723,6,0,3
previous_linear,5,5.872157749760454,46.95532492987886,68.88390731650266,6,0,3
relative_squared_linear,5,6.6744184846721675,52.59399804209945,75.13720576506861,6,0,3
mape_linear,5,6.8038930324998965,53.76204816226499,77.7552133830773,6,0,3
absolute_linear,5,6.3163466477226855,49.912444470985804,71.67430969150699,6,0,3
huber_raw,5,6.546607238804218,51.72357953297378,74.42745028802771,6,0,3
huber_log,5,7.0968269491923195,55.92580460815723,80.30862962331706,6,0,3
median_log,5,7.225638812404239,56.69268788336225,80.30734967227997,6,0,3
linear_log,5,6.13251443120149,49.27700648555947,74.38886158629383,6,0,3
ridge_raw_1,5,5.893301546845958,46.946611244411294,67.55187147206301,6,0,3
ridge_raw_10,5,8.609607110285014,62.97217270497108,71.16406777198866,6,0,3
previous_linear,6,6.9749441461220485,50.44011954614651,56.946877714079534,6,0,3
relative_squared_linear,6,5.55819639905327,40.27638373550351,45.9542120387807,6,0,3
mape_linear,6,4.1187473621614235,30.10331101759478,34.068104316412445,6,0,3
absolute_linear,6,4.1187473621614235,30.10331101759478,34.068104316412445,6,0,3
huber_raw,6,5.9665489842303225,43.18290604350585,49.92691516154004,6,0,3
huber_log,6,6.613843546034653,49.181543471195596,56.31038160631483,6,0,3
median_log,6,4.610933467183214,34.21230687978789,39.567356969664424,6,0,3
linear_log,6,6.329234742942315,46.52628382856985,53.37943947783687,6,0,3
ridge_raw_1,6,6.539582161272005,46.923230628428506,53.347480716172534,6,0,3
ridge_raw_10,6,6.179041289127791,44.97037551453271,48.77694013558233,6,0,3
previous_linear,7,10.389611355671729,79.46925353329951,92.74153166907509,5,0,3
relative_squared_linear,7,9.633254342309163,74.41730789610513,89.54172196489934,5,0,3
mape_linear,7,8.171407467354266,64.2391013985221,81.34339993050763,5,0,3
absolute_linear,7,8.171407467354266,64.2391013985221,81.34339993050763,5,0,3
huber_raw,7,8.737216230138674,68.05710831966239,83.3047584244624,5,0,3
huber_log,7,8.914309566162773,70.1594116745619,90.48314391248391,5,0,3
median_log,7,9.225383894361247,72.5746523908067,94.24993124101665,5,0,3
linear_log,7,10.246627917744991,79.5389707668398,100.50907588945624,5,0,3
ridge_raw_1,7,10.114088800212746,77.30844615488907,88.74345621282417,5,0,3
ridge_raw_10,7,8.66759538405308,65.96420741823427,73.50668148428858,5,0,3
previous_linear,8,3.972612494558477,27.11617550102564,34.285156161892054,6,0,3
relative_squared_linear,8,4.026273369589509,28.08012862840106,35.644391406409945,6,0,3
mape_linear,8,5.067773186983853,35.35048216922835,40.989319538689266,6,0,3
absolute_linear,8,4.5401819167237045,31.456716521222535,37.38054450050297,6,0,3
huber_raw,8,4.778246126693748,33.17469957307012,38.73641976543281,6,0,3
huber_log,8,5.183092213479423,36.31001471075067,42.43017117524905,6,0,3
median_log,8,5.506951285741845,38.43833685289644,44.11552017393827,6,0,3
linear_log,8,3.8835099848768277,26.95113163903858,34.47312867972056,6,0,3
ridge_raw_1,8,4.565506067320531,30.60055124362638,36.164594533860196,6,0,3
ridge_raw_10,8,7.716654996257742,49.31318364929145,58.95211291739244,6,0,3
previous_linear,9,7.424000894271695,62.2323532289433,90.42913493138437,6,0,3
relative_squared_linear,9,6.763632267401028,57.6995159855079,89.00000804174358,6,0,3
mape_linear,9,6.471685790030595,56.07547233557767,89.36057559928186,6,0,3
absolute_linear,9,6.605466825310343,57.71866946995484,92.29733584817414,6,0,3
huber_raw,9,7.031007340810945,59.211492746304145,88.38387436909927,6,0,3
huber_log,9,6.525173817308463,55.91039814117854,86.79875599943223,6,0,3
median_log,9,6.495381172465785,57.0398878379346,92.8630963321472,6,0,3
linear_log,9,6.60685969278656,56.43459812214062,88.29861472218657,6,0,3
ridge_raw_1,9,7.580660571359217,63.907148511125,92.67078227696452,6,0,3
ridge_raw_10,9,8.377581537413139,72.42675929439717,107.1110368388249,6,0,3
previous_linear,10,6.991617903080975,54.22485583756585,69.83664870569557,6,0,3
relative_squared_linear,10,6.651393681919584,52.49708192497218,73.3523344606408,6,0,3
mape_linear,10,6.800817002628219,53.87300196922947,75.69298163611256,6,0,3
absolute_linear,10,6.679359949956661,52.4339573264352,71.79481201107387,6,0,3
huber_raw,10,6.657331441417711,52.436378018889265,72.72950270139168,6,0,3
huber_log,10,6.911629188301823,54.766701806247134,76.54020383280807,6,0,3
median_log,10,6.9083382012668215,54.69370420514472,76.16175123372916,6,0,3
linear_log,10,6.706269260988183,52.97600787562177,73.884201735693,6,0,3
ridge_raw_1,10,7.112909245930645,55.00458225209868,69.6903131472116,6,0,3
ridge_raw_10,10,7.729913033470286,58.97101662167879,70.15922746038709,6,0,3
previous_linear,11,7.3726866740681505,52.87864461949365,58.36920117288282,6,0,3
relative_squared_linear,11,6.205905778014068,45.01395793225392,54.907668856392235,6,0,3
mape_linear,11,5.485724155765307,40.11534985931422,53.383176989444145,6,0,3
absolute_linear,11,5.485724155765307,40.11534985931422,53.383176989444145,6,0,3
huber_raw,11,6.309078862735667,45.66985075744626,54.76843607993909,6,0,3
huber_log,11,5.5622324985535485,40.662921043164886,53.607800221069695,6,0,3
median_log,11,5.288953627536363,38.949321344052954,53.27362407908039,6,0,3
linear_log,11,6.148753003671392,44.6406071580854,54.77459941298724,6,0,3
ridge_raw_1,11,7.364858399442642,52.69408941773495,57.514088881632034,6,0,3
ridge_raw_10,11,7.325036306782453,51.7552651305277,54.921390680805224,6,0,3
previous_linear,12,8.087826414216948,60.027034430351044,65.89426378213598,6,0,3
relative_squared_linear,12,6.99870638233651,52.76948407721736,62.732608414877504,6,0,3
mape_linear,12,6.178910436651852,47.32413735173456,61.50412149327472,6,0,3
absolute_linear,12,6.178910436651852,47.32413735173456,61.50412149327472,6,0,3
huber_raw,12,7.199053838202412,54.10249972725052,63.21821218107665,6,0,3
huber_log,12,6.413428419576967,48.890410818235715,61.89837256513404,6,0,3
median_log,12,5.884049433932134,45.435063899643616,61.636231854230246,6,0,3
linear_log,12,6.92799983742282,52.320523104117775,62.701585083516775,6,0,3
ridge_raw_1,12,8.051772846998412,59.77693490144319,65.87626416569363,6,0,3
ridge_raw_10,12,7.868369918104129,58.50468947178147,66.78349538908044,6,0,3
previous_linear,13,7.801107627872667,54.43265485689403,63.397844874772005,6,0,3
relative_squared_linear,13,7.798355169915627,55.58090230849867,66.57753157022486,6,0,3
mape_linear,13,7.348205745340865,53.772206625468904,67.019359761958,6,0,3
absolute_linear,13,7.348205745340865,53.772206625468904,67.019359761958,6,0,3
huber_raw,13,7.424432355164003,54.086579659251186,66.90769999471202,6,0,3
huber_log,13,8.135466117569496,58.606280716601226,71.65975373481102,6,0,3
median_log,13,8.448105404522813,60.02513225924148,72.10916632162127,6,0,3
linear_log,13,8.496313632317976,59.04853710763147,68.56973801314548,6,0,3
ridge_raw_1,13,8.365974181288099,57.23508427187778,66.219893895666,6,0,3
ridge_raw_10,13,11.239425779097061,71.49092086114301,88.01670601405216,6,0,3
previous_linear,14,8.431360340013443,55.38236377820287,73.61116480327529,5,0,3
relative_squared_linear,14,7.149915544415747,47.169694149282826,65.4316934910238,5,0,3
mape_linear,14,5.532834735062195,37.609561422734444,55.97557803022324,5,0,3
absolute_linear,14,5.532834735062195,37.609561422734444,55.97557803022324,5,0,3
huber_raw,14,8.0405520357196,51.25569720760004,62.60388626874119,5,0,3
huber_log,14,10.249990866979113,64.18281145986381,72.64434971387462,5,0,3
median_log,14,7.2749733835110035,47.46847923673174,63.96452007319845,5,0,3
linear_log,14,10.847096379534442,69.39492616456448,82.67791346259403,5,0,3
ridge_raw_1,14,9.770633005692602,62.50544428822739,74.75073086591867,5,0,3
ridge_raw_10,14,16.801814500508254,99.90161696585646,102.89879226093603,5,0,3
previous_linear,15,5.360296770650219,41.99364454604489,52.780670883018246,6,0,3
relative_squared_linear,15,6.101898316560924,47.51257053637651,60.326219886552835,6,0,3
mape_linear,15,7.729315605879618,60.2793805359164,70.7741692264989,6,0,3
absolute_linear,15,7.729315605879618,60.2793805359164,70.7741692264989,6,0,3
huber_raw,15,6.7407232888893205,52.392739290725366,65.16832724878861,6,0,3
huber_log,15,7.243765609657925,56.17159913744035,68.12647973473157,6,0,3
median_log,15,7.653640363588597,59.2779482097878,70.8524250316792,6,0,3
linear_log,15,6.372331327469537,49.88503561410403,60.829851966626016,6,0,3
ridge_raw_1,15,5.202717278099306,40.679080192023356,51.3412155693561,6,0,3
ridge_raw_10,15,6.170298118382958,49.242287556867495,55.44156500756742,6,0,3
previous_linear,16,9.026990020386503,69.97023824796588,87.89368870805625,5,0,3
relative_squared_linear,16,8.951511214859957,69.40734814253548,85.04060818342505,5,0,3
mape_linear,16,8.63308017850394,66.822783092068,79.76420202149924,5,0,3
absolute_linear,16,8.63308017850394,66.822783092068,79.76420202149924,5,0,3
huber_raw,16,9.05849123412546,69.94046976161489,81.5705591649612,5,0,3
huber_log,16,10.442237784196983,80.42029669239358,91.97832178977932,5,0,3
median_log,16,10.63044416372529,81.77097049071953,92.48001961823968,5,0,3
linear_log,16,10.357752110787963,80.35270247625033,101.05155827205662,5,0,3
ridge_raw_1,16,8.542609716017449,66.14079379333957,81.84977382514661,5,0,3
ridge_raw_10,16,5.999613118079948,46.036210406551575,52.58999947452944,5,0,3
previous_linear,17,7.619781852924194,59.686405124569205,70.56954874889247,6,0,3
relative_squared_linear,17,7.065018543569902,56.225439288285315,73.07630783379055,6,0,3
mape_linear,17,7.1855679529939955,56.983253631672234,72.47573683474126,6,0,3
absolute_linear,17,7.1855679529939955,56.983253631672234,72.47573683474126,6,0,3
huber_raw,17,7.297095285709826,57.665531697552865,71.78634757873212,6,0,3
huber_log,17,6.98831496043715,55.917416752751215,75.06793470762578,6,0,3
median_log,17,6.954915681046598,55.787010948728515,76.1438660270085,6,0,3
linear_log,17,7.037434871580446,56.11225994217963,73.68737286324857,6,0,3
ridge_raw_1,17,7.501369876286569,58.81228461200842,69.7766806457826,6,0,3
ridge_raw_10,17,6.899013299477767,54.36567156985128,66.94219572774564,6,0,3
previous_linear,18,9.303012312451495,69.43620235106178,92.82639782913772,5,0,3
relative_squared_linear,18,9.027701389482882,66.91230242313888,87.91764799137826,5,0,3
mape_linear,18,6.869770721687052,50.674219473705286,66.59639441992566,5,0,3
absolute_linear,18,6.869770721687052,50.674219473705286,66.59639441992566,5,0,3
huber_raw,18,7.343609726317665,54.7444275070809,73.75902195622885,5,0,3
huber_log,18,8.08032215315695,60.69239070280055,87.30308550658343,5,0,3
median_log,18,8.069229953189115,60.20624948142654,85.44670291628968,5,0,3
linear_log,18,9.580356133664472,71.95912839925286,102.00961050533562,5,0,3
ridge_raw_1,18,8.802342122262539,65.51188409908623,86.66853982134467,5,0,3
ridge_raw_10,18,9.45940491682603,65.14839404143656,66.8386732338148,5,0,3
previous_linear,19,4.412484683910548,32.56110694559042,41.99471552132329,6,0,3
relative_squared_linear,19,3.7821166954823515,28.110071454156373,33.237461651215796,6,0,3
mape_linear,19,3.7181168950087717,27.21913937780865,29.333721705966333,6,0,3
absolute_linear,19,3.7181168950087717,27.21913937780865,29.333721705966333,6,0,3
huber_raw,19,3.9302634665774367,29.171989303895714,35.051186807285745,6,0,3
huber_log,19,4.448996425376483,33.63684219466112,43.40988784554149,6,0,3
median_log,19,5.3066480289655855,39.79982093661172,48.357169039436144,6,0,3
linear_log,19,4.303171508751228,32.18065601121606,41.533437698142954,6,0,3
ridge_raw_1,19,4.689443853387912,33.87203676905731,39.680333289442224,6,0,3
ridge_raw_10,19,7.052090400135562,48.73871712951524,51.21750543235826,6,0,3
