candidate,seed,MAPE_pct,MAE_cycles,RMSE_cycles,n,nonpositive_predictions
previous_linear,0,10.743496828224028,90.72200148932465,99.02878391854638,7,0
relative_squared_linear,0,11.251179226358515,95.94469501804947,103.56512920262766,7,0
mape_linear,0,11.246779985026592,96.04289377336308,103.45505133659225,7,0
absolute_linear,0,11.18200741992502,95.37090448880615,102.67659851930233,7,0
huber_raw,0,11.2491731418358,95.94479672875426,103.5258555025232,7,0
huber_log,0,11.976133639201107,102.25144336574306,111.5719754931984,7,0
median_log,0,11.818714984948828,100.67717575166635,109.84601612817357,7,0
linear_log,0,11.631584558464558,98.64011533000102,108.4636790360141,7,0
ridge_raw_1,0,10.724361630246637,90.6873279522403,98.210338294007,7,0
ridge_raw_10,0,10.607698649029649,90.47593122614549,96.10276534151451,7,0
previous_linear,1,8.812572878870832,74.88472113049578,95.16911783532046,8,0
relative_squared_linear,1,8.145524569117242,70.03504470277802,94.99488131649571,8,0
mape_linear,1,8.25252414386393,71.1884731170876,95.99456493194806,8,0
absolute_linear,1,8.24420792291969,71.08525242071423,95.893816446067,8,0
huber_raw,1,8.72448084329855,74.29141947082752,95.4419795738312,8,0
huber_log,1,11.001623270826046,92.80373344967948,108.3378575659642,8,0
median_log,1,10.382802629551643,87.97839992113167,104.63384590678326,8,0
linear_log,1,9.637249210090644,81.8815047878372,100.41887071590058,8,0
ridge_raw_1,1,8.380058931916157,71.43723440999597,93.79233346515989,8,0
ridge_raw_10,1,8.178327303745316,71.47197041006513,95.72983570602403,8,0
previous_linear,2,10.524108724034246,78.04558212939025,88.80307085230852,7,0
relative_squared_linear,2,9.330943338491627,71.70820687120887,88.7776252050572,7,0
mape_linear,2,7.596163870769704,61.78206870641433,85.55420580373098,7,0
absolute_linear,2,8.917674335267844,68.72097723595736,82.46910869694648,7,0
huber_raw,2,9.498692151245844,72.1808774469403,85.15340798584691,7,0
huber_log,2,9.617597370257766,72.0901186108526,84.36391598993931,7,0
median_log,2,8.674367531524519,66.67592905788113,82.15720921365218,7,0
linear_log,2,10.388858301038546,76.69961731759822,88.11017598199369,7,0
ridge_raw_1,2,10.978841649081692,80.7596512162733,91.54881228860361,7,0
ridge_raw_10,2,13.751245611467706,97.306717584689,111.15281091249528,7,0
previous_linear,3,9.08479722976598,70.01436233725003,86.1127824861638,7,0
relative_squared_linear,3,8.636529981264394,67.61306397068066,82.97532247990718,7,0
mape_linear,3,8.51082590667883,66.92806005504391,82.43802671806924,7,0
absolute_linear,3,8.51082590667883,66.92806005504391,82.43802671806924,7,0
huber_raw,3,8.698606279273402,67.89245459201327,82.69927459115658,7,0
huber_log,3,9.04701881425188,71.26739162124069,92.46034412801836,7,0
median_log,3,8.995538211343169,71.2751694863821,88.37801025538307,7,0
linear_log,3,9.237013918251897,72.29343314525364,93.75786332440374,7,0
ridge_raw_1,3,9.06124518720317,69.69150789582277,83.87016257730615,7,0
ridge_raw_10,3,8.917653701900896,67.7231372690566,73.18539871635461,7,0
previous_linear,4,9.656171657469992,78.76491043522385,97.61333222107552,7,0
relative_squared_linear,4,9.413898520558936,78.190238351602,98.70019855970394,7,0
mape_linear,4,9.62552524951881,81.40263393619564,101.67235858436078,7,0
absolute_linear,4,9.62552524951881,81.40263393619564,101.67235858436078,7,0
huber_raw,4,9.510113370235358,79.21344745895829,99.2969359837123,7,0
huber_log,4,9.323903965551619,77.38061693457185,97.99239777489639,7,0
median_log,4,9.757858330764007,82.55854180144614,102.27971072326315,7,0
linear_log,4,9.57902122537731,78.52766931968952,97.06801344299942,7,0
ridge_raw_1,4,9.646067261769987,78.87299892193445,98.34786329181843,7,0
ridge_raw_10,4,10.773717609618727,89.9974302061179,106.1748112842483,7,0
previous_linear,5,9.130898843952231,75.21555060013328,96.7446565183034,7,0
relative_squared_linear,5,8.03137399306428,65.55451973937306,90.52707318110392,7,0
mape_linear,5,7.478826049296893,62.76134099167395,90.36155944232138,7,0
absolute_linear,5,7.478826049296893,62.76134099167395,90.36155944232138,7,0
huber_raw,5,9.004421715545352,75.15062857108958,97.98582279596366,7,0
huber_log,5,11.098531647954378,90.32964462028929,111.72947948535875,7,0
median_log,5,8.993491041825424,74.34191035334209,100.83870394435444,7,0
linear_log,5,10.524500057545225,84.08693818699211,104.05366292264449,7,0
ridge_raw_1,5,9.166167321820485,74.30686601812349,94.92189559667135,7,0
ridge_raw_10,5,9.983101026467525,73.92518794251654,95.95724919501122,7,0
previous_linear,6,8.261914360038311,68.27264338086822,83.8551193335977,8,0
relative_squared_linear,6,7.626091820851213,64.74964379706175,87.26681283412812,8,0
mape_linear,6,7.737249095187485,65.18831033111661,84.01500319679403,8,0
absolute_linear,6,7.737249095187485,65.18831033111661,84.01500319679403,8,0
huber_raw,6,8.02788653103977,66.88875964869796,83.69875634266049,8,0
huber_log,6,7.828584149390911,65.88915198473072,82.99564386948386,8,0
median_log,6,7.546142403092729,64.39217998106791,85.86661247842402,8,0
linear_log,6,7.874223509158481,66.2520496963973,84.46029569128522,8,0
ridge_raw_1,6,8.292728458466856,68.54477941035067,85.01313647496576,8,0
ridge_raw_10,6,9.03188209128356,74.91105320802136,93.34423321993185,8,0
previous_linear,7,5.885195923741423,42.313612260851855,51.577016836008085,8,0
relative_squared_linear,7,6.1257577074616325,44.59687298087378,54.177322445121696,8,0
mape_linear,7,5.757762794985252,43.3987428503865,55.138193042795194,8,0
absolute_linear,7,5.642214805970049,42.76732758746675,54.450914655634335,8,0
huber_raw,7,5.736829660870107,42.07670597132331,51.31958216661542,8,0
huber_log,7,6.499469022343864,47.34060550169194,56.703868962221705,8,0
median_log,7,6.474285285400026,47.864764121962395,57.75648860808691,8,0
linear_log,7,6.777365792913049,48.22600017459365,56.991509759620556,8,0
ridge_raw_1,7,6.178242565310328,43.600364761441114,52.66352724616109,8,0
ridge_raw_10,7,8.176495927112285,53.08785897784388,68.62633340801173,8,0
previous_linear,8,7.282358311000039,55.070702655855484,61.33390197357416,8,0
relative_squared_linear,8,6.2455388101938025,48.09260446845366,55.495329878196365,8,0
mape_linear,8,5.963201451448345,46.42706679529782,54.93362508289363,8,0
absolute_linear,8,6.082867617411527,47.13299144616239,55.11541460748344,8,0
huber_raw,8,7.244737508776089,55.07065868252538,61.30073753815049,8,0
huber_log,8,7.547429540503938,58.357704547441614,65.64613576878908,8,0
median_log,8,6.137644018292153,48.06445713132494,58.055564521392036,8,0
linear_log,8,6.8447800490859985,52.69707760028463,59.907619856953126,8,0
ridge_raw_1,8,7.1613083769360655,53.97447871986236,60.55248613517027,8,0
ridge_raw_10,8,7.113666236504434,53.21322956997403,60.21896215328631,8,0
previous_linear,9,5.896697323045638,49.773193940522916,71.84506187210683,8,0
relative_squared_linear,9,5.74381083768515,49.27455049667087,76.43238285742105,8,0
mape_linear,9,5.8551027220295015,50.174557573930585,75.21402524966626,8,0
absolute_linear,9,5.897024204810374,50.3854688784545,74.15206336305583,8,0
huber_raw,9,5.998741473994141,50.68131306412505,71.65962754735517,8,0
huber_log,9,6.694434453999885,56.8041001689635,74.55547687753372,8,0
median_log,9,6.303519725116128,53.86235047449277,76.14306432830097,8,0
linear_log,9,6.135620504028359,52.22824277142739,74.02678083381096,8,0
ridge_raw_1,9,5.819250869946252,49.147089467164705,72.4218262463459,8,0
ridge_raw_10,9,5.923560788281147,50.25710256173831,80.52972948524388,8,0
previous_linear,10,9.232986278534797,75.13401115564811,95.31549093331219,8,0
relative_squared_linear,10,8.692235875836236,71.86502154873573,96.05503076007071,8,0
mape_linear,10,8.639962013489582,72.53066042984624,98.07088477089754,8,0
absolute_linear,10,8.639962013489582,72.53066042984624,98.07088477089754,8,0
huber_raw,10,8.78228581309079,72.34399052745312,95.74071453197017,8,0
huber_log,10,9.309187804106111,76.81160811573301,98.03193372519657,8,0
median_log,10,9.240496632954109,76.52761934071073,98.4107263765121,8,0
linear_log,10,9.354229355455011,76.8648248868358,97.50225317326635,8,0
ridge_raw_1,10,9.094165442537678,74.07762967204579,95.15788253451774,8,0
ridge_raw_10,10,9.618475271613281,79.58067859759993,98.61028614696758,8,0
previous_linear,11,7.7347033855730025,60.5114530475373,80.27724313527979,8,0
relative_squared_linear,11,7.842020273271744,61.50057611425743,80.61563508933853,8,0
mape_linear,11,8.029966421053638,63.81098395266616,81.43001883282838,8,0
absolute_linear,11,7.846553595951641,61.956892372576945,80.64280690521127,8,0
huber_raw,11,7.7157429224139635,60.63918716418968,80.11875211474494,8,0
huber_log,11,8.169823898459471,64.6194154202008,85.05792984012346,8,0
median_log,11,8.312002280446665,65.60180967841116,85.63542803424366,8,0
linear_log,11,8.06007213171123,63.61244482900639,83.93088097441967,8,0
ridge_raw_1,11,7.598159124478015,59.397812426226,78.77239828107759,8,0
ridge_raw_10,11,9.038016981398087,68.28272799182356,76.49145717049068,8,0
previous_linear,12,7.986370438684152,53.35214610354839,61.533128458694506,8,0
relative_squared_linear,12,7.431810758697874,50.89904083111615,59.46098621400065,8,0
mape_linear,12,6.1564881615846385,44.47318926372823,57.433454418746756,8,0
absolute_linear,12,5.9994867095758035,43.29783744880223,54.74340434960161,8,0
huber_raw,12,7.6247179826620215,51.640171411594025,59.542727086876326,8,0
huber_log,12,7.768189711266392,52.685426634364504,60.830549738543,8,0
median_log,12,6.686755729887029,47.325681413487075,58.71622470209694,8,0
linear_log,12,8.238834844518864,55.04922916919759,63.1595781603286,8,0
ridge_raw_1,12,8.419532756727884,55.640139146236564,64.49853580758518,8,0
ridge_raw_10,12,11.667073399798584,74.10912023381427,86.747114665692,8,0
previous_linear,13,10.8829000726973,77.59151213751852,89.13012150184238,8,0
relative_squared_linear,13,9.328740529801003,67.7189864084405,85.92730497801352,8,0
mape_linear,13,8.273397917691232,61.94158988286016,79.48088437356556,8,0
absolute_linear,13,8.643231771995822,64.50825629612845,79.18792549761093,8,0
huber_raw,13,10.453735037007023,75.18231912348638,86.56939899601834,8,0
huber_log,13,10.415119613725887,74.6824885773534,85.9155193805296,8,0
median_log,13,8.308833269891636,62.079811049989885,77.69205881291148,8,0
linear_log,13,10.686354310935403,75.96459185013704,89.0180864824769,8,0
ridge_raw_1,13,11.290731729800932,79.87108298811286,91.7585051506631,8,0
ridge_raw_10,13,13.964100528305284,95.48178352091604,110.03388693916145,8,0
previous_linear,14,12.565002479143844,90.5454483153301,117.26776574920612,7,0
relative_squared_linear,14,11.088848169806214,79.42055540698165,104.96914782359498,7,0
mape_linear,14,10.264316737998005,70.76644356450348,90.07998875333452,7,0
absolute_linear,14,13.262584586756942,94.19350520674743,117.01752125409679,7,0
huber_raw,14,12.142629210527256,86.22239446974707,109.40002374962425,7,0
huber_log,14,13.671262539655322,97.15160541799094,122.54995926851564,7,0
median_log,14,15.339527985086551,110.35871065480148,139.5493907886995,7,0
linear_log,14,13.775651501328461,98.04268055579657,123.85352582443379,7,0
ridge_raw_1,14,12.827379141915172,91.18732187675451,114.37580412938613,7,0
ridge_raw_10,14,14.427030408488726,95.10068004156767,106.37699322026928,7,0
previous_linear,15,5.6868684522678885,47.37483899072316,64.38936922538586,8,0
relative_squared_linear,15,6.433936690570478,53.38291235415264,72.7306168800996,8,0
mape_linear,15,6.463021197320448,53.68006056808355,73.38245819156863,8,0
absolute_linear,15,6.161784010514128,51.14832817674869,69.2508002375189,8,0
huber_raw,15,6.254287165406883,51.637545800953404,69.10821884917966,8,0
huber_log,15,6.581450217738752,54.5997442563376,73.28101453199939,8,0
median_log,15,7.312346350274475,60.13654134373894,77.98022093926981,8,0
linear_log,15,6.064363834331828,50.97947990780817,70.4285893411029,8,0
ridge_raw_1,15,5.648552535762966,47.043277549107515,63.426003507654926,8,0
ridge_raw_10,15,7.103756292097768,55.403571812383944,66.68575811743992,8,0
previous_linear,16,12.232026667794846,86.25882076779351,98.01862658909694,8,0
relative_squared_linear,16,10.380211960388486,73.12455367399853,86.90978947129092,8,0
mape_linear,16,12.714405547831358,90.53387688470441,104.84306249339055,8,0
absolute_linear,16,12.969619153001776,92.08794209657981,105.08199697283226,8,0
huber_raw,16,12.544064699029661,88.76820251379348,101.12178137604926,8,0
huber_log,16,12.260510480082825,87.62461944119215,103.66846629264329,8,0
median_log,16,13.059353125792173,93.45614768301697,109.32899144002872,8,0
linear_log,16,11.063831918386008,78.48668856643593,93.08834011483808,8,0
ridge_raw_1,16,12.158137914889355,85.50482930266047,96.7561999512626,8,0
ridge_raw_10,16,11.726547180649655,81.08420820396265,91.6463135564731,8,0
previous_linear,17,7.314867325512703,53.680759680254894,76.62529410817432,8,0
relative_squared_linear,17,6.103367973801535,43.257847874795715,64.14152198751555,8,0
mape_linear,17,6.020291735973194,42.90656660921624,55.8538261630115,8,0
absolute_linear,17,5.914034374383723,42.28135863144365,56.574369534075714,8,0
huber_raw,17,7.5342890159081435,56.70744883056432,81.43109169002302,8,0
huber_log,17,9.131707086987777,68.1495475903765,90.9447631992415,8,0
median_log,17,7.110922650870038,51.403175618901415,70.93844656832049,8,0
linear_log,17,8.437458815899065,60.6161570508079,80.24356427581694,8,0
ridge_raw_1,17,7.296223416349705,52.33405683833803,74.086555827478,8,0
ridge_raw_10,17,7.91669832044086,50.21087163364986,71.8065505911222,8,0
previous_linear,18,7.636453429165166,57.327560074032974,62.637798522145836,8,0
relative_squared_linear,18,6.950110982508925,53.53027262449288,63.386796777901196,8,0
mape_linear,18,6.972779974620498,53.59698192478888,63.221044953327535,8,0
absolute_linear,18,6.972779974620498,53.59698192478888,63.221044953327535,8,0
huber_raw,18,7.272345617903158,55.285685157728224,62.53169485737454,8,0
huber_log,18,6.856315190423537,52.81495628853064,63.23700401267535,8,0
median_log,18,6.698125700031808,52.0795633025014,64.27439711086303,8,0
linear_log,18,7.027594439938595,53.84117271626472,62.737341086665374,8,0
ridge_raw_1,18,7.734424668402963,57.961366737174245,62.69213251458432,8,0
ridge_raw_10,18,8.322252103829758,61.764206716021945,64.59263373949575,8,0
previous_linear,19,7.259595901617999,64.7234768731285,91.41845449811137,8,0
relative_squared_linear,19,8.556210878807144,75.25258096151897,101.51259181216234,8,0
mape_linear,19,9.49676150400285,82.86678379867426,108.03656593629437,8,0
absolute_linear,19,8.00724419572524,70.2281049493694,95.44604257876483,8,0
huber_raw,19,8.571781044392015,74.53029715220096,99.32010699470227,8,0
huber_log,19,8.929939100338022,77.57529784013107,101.81582166123073,8,0
median_log,19,8.882938511728442,76.79749651354291,98.41342408850345,8,0
linear_log,19,7.869562759058338,69.78602607404164,96.33199069353188,8,0
ridge_raw_1,19,7.1677387524934675,64.07712083155096,92.21201708633562,8,0
ridge_raw_10,19,9.010997306356009,76.89427097117178,101.02413610047431,8,0
