candidate,seed,train_n,valid_n,MAPE_pct,MAE_cycles,RMSE_cycles,n,nonpositive_predictions
original_six,0,21,7,10.555570922337928,89.3029645088963,106.4647223557887,7,0
drop_current_std,0,21,7,11.82395016072688,99.86242679594811,114.59931368565246,7,0
drop_IR,0,21,7,10.707610706985937,90.3830979184961,107.30160780516324,7,0
delta_current,0,21,7,10.46769150455297,89.11961754342158,102.36638799645225,7,0
delta_slope,0,21,7,11.791914335010958,100.38903725040836,108.82969988468965,7,0
delta_ridge_log,0,21,7,11.575638298495807,98.32064034103975,107.23763433052041,7,0
delta_linear_raw,0,21,7,10.743496828224028,90.72200148932465,99.02878391854638,7,0
original_six,1,20,8,11.129196472578858,98.86900511591595,119.08798371619359,8,0
drop_current_std,1,20,8,11.867684683312477,107.00615685643712,128.10525372373857,8,0
drop_IR,1,20,8,11.410414508260851,101.41862684156011,120.83244881129072,8,0
delta_current,1,20,8,7.857613565395092,66.75440419477673,85.13534223044947,8,0
delta_slope,1,20,8,9.24998390766745,78.79869473033403,100.96315218986574,8,0
delta_ridge_log,1,20,8,9.085953250537473,77.46425822979835,98.25436527610302,8,0
delta_linear_raw,1,20,8,8.812572878870832,74.88472113049578,95.16911783532046,8,0
original_six,2,21,7,16.474934380738425,111.40968530101635,125.39003315184061,7,0
drop_current_std,2,21,7,20.628472453356675,137.45312434611037,156.27430271746073,7,0
drop_IR,2,21,7,17.58634239940259,114.7006884109105,126.94980421998748,7,0
delta_current,2,21,7,10.892169909493978,77.06398910911284,81.7193835674483,7,0
delta_slope,2,21,7,22.01087393083519,143.16005079185484,175.1236137186853,7,0
delta_ridge_log,2,21,7,10.787327792690366,79.16149698532708,90.8022450787751,7,0
delta_linear_raw,2,21,7,10.524108724034246,78.04558212939025,88.80307085230852,7,0
original_six,3,21,7,10.035244098230232,75.4726559190631,87.90360993879001,7,0
drop_current_std,3,21,7,10.12359675235479,78.24366896783233,89.79107019561619,7,0
drop_IR,3,21,7,9.295344086034207,70.42679580552704,87.75374428581262,7,0
delta_current,3,21,7,8.8493438354774,67.45388236765866,86.14629245766103,7,0
delta_slope,3,21,7,9.130763516403082,71.27167628988396,89.28754223922903,7,0
delta_ridge_log,3,21,7,9.16598264117812,71.60481415248219,90.58131529562672,7,0
delta_linear_raw,3,21,7,9.08479722976598,70.01436233725003,86.1127824861638,7,0
original_six,4,21,7,8.500645474800974,69.43217490544039,73.1183269644487,7,0
drop_current_std,4,21,7,13.92767403389372,112.03852181427021,126.40024526665569,7,0
drop_IR,4,21,7,8.97993680661109,72.49431768549938,76.23001232312083,7,0
delta_current,4,21,7,8.510015146727202,68.60576536156256,83.25426437548299,7,0
delta_slope,4,21,7,10.566521705611352,86.0751199697934,103.20585497336342,7,0
delta_ridge_log,4,21,7,9.547889757169806,78.52513722017765,97.70619281051215,7,0
delta_linear_raw,4,21,7,9.656171657469992,78.76491043522385,97.61333222107552,7,0
original_six,5,21,7,14.509067612545573,115.21764279777092,132.79253742441134,7,0
drop_current_std,5,21,7,16.25019289729444,132.5038909918616,157.58296833203426,7,0
drop_IR,5,21,7,13.487843718930032,110.07812766402164,130.92095277809776,7,0
delta_current,5,21,7,9.913133530605874,75.02429049415288,88.71082905224443,7,0
delta_slope,5,21,7,15.183850839402321,107.87537301103869,126.0257955763954,7,0
delta_ridge_log,5,21,7,10.364369716449936,81.87158546348708,101.5888144042163,7,0
delta_linear_raw,5,21,7,9.130898843952231,75.21555060013328,96.7446565183034,7,0
original_six,6,20,8,8.91127986417988,70.97070734773622,77.68311823103076,8,0
drop_current_std,6,20,8,9.28992869538611,78.67268704568156,99.34516603912128,8,0
drop_IR,6,20,8,8.643328953490629,68.93046859144617,77.12378362538149,8,0
delta_current,6,20,8,8.166107416691942,64.97607564847023,70.23002611647108,8,0
delta_slope,6,20,8,8.428364182689114,70.27858262102549,89.4290103291705,8,0
delta_ridge_log,6,20,8,7.894151773422606,66.44736073989687,85.76215578553523,8,0
delta_linear_raw,6,20,8,8.261914360038311,68.27264338086822,83.8551193335977,8,0
original_six,7,20,8,7.530182187841169,60.221487218969884,82.37567595824488,8,0
drop_current_std,7,20,8,8.235191911074853,61.21668297236552,80.87897969903703,8,0
drop_IR,7,20,8,9.480870693868832,69.89050530282752,81.72169435531336,8,0
delta_current,7,20,8,10.636873399395503,78.65358281899118,87.2844427070851,8,0
delta_slope,7,20,8,9.900484804592443,63.920897684251614,80.36222573016262,8,0
delta_ridge_log,7,20,8,6.9776322862833915,48.988295547654516,57.72055216952331,8,0
delta_linear_raw,7,20,8,5.885195923741423,42.313612260851855,51.577016836008085,8,0
original_six,8,20,8,8.626886090915573,64.17128021098809,71.0202613593289,8,0
drop_current_std,8,20,8,10.48703613769501,82.50385722097474,91.41767773150372,8,0
drop_IR,8,20,8,8.893520085498476,66.05815839455934,72.37512398757144,8,0
delta_current,8,20,8,6.572349644242971,49.10054902816405,53.83401144663463,8,0
delta_slope,8,20,8,7.5345717264554635,57.42677044872791,63.7071331133584,8,0
delta_ridge_log,8,20,8,6.681467600414395,51.24399577792322,58.746873955426906,8,0
delta_linear_raw,8,20,8,7.282358311000039,55.070702655855484,61.33390197357416,8,0
original_six,9,20,8,6.475627769530884,52.61569238706171,61.83639514412981,8,0
drop_current_std,9,20,8,7.200931611797554,63.0462872781777,91.64004653954427,8,0
drop_IR,9,20,8,6.291556851226629,51.227746143783335,62.43135884991024,8,0
delta_current,9,20,8,8.580796411603814,68.9241160257878,71.49502255857487,8,0
delta_slope,9,20,8,5.933314457126659,50.413455563712404,74.60359427590534,8,0
delta_ridge_log,9,20,8,6.031024093881591,51.380772592294065,74.30156134436426,8,0
delta_linear_raw,9,20,8,5.896697323045638,49.773193940522916,71.84506187210683,8,0
original_six,10,20,8,7.614186932265028,66.93520429679717,92.6928273315916,8,0
drop_current_std,10,20,8,9.725770907582799,81.69957302140584,102.04314827776145,8,0
drop_IR,10,20,8,7.889526301656835,68.55173977531689,90.26036024104695,8,0
delta_current,10,20,8,8.435762998823135,67.8549566796555,83.56057105194948,8,0
delta_slope,10,20,8,9.832125634970474,80.21804166262989,102.16438299505351,8,0
delta_ridge_log,10,20,8,9.163005773684596,75.40031732889449,97.09427076459309,8,0
delta_linear_raw,10,20,8,9.232986278534797,75.13401115564811,95.31549093331219,8,0
original_six,11,20,8,7.665874540034595,63.730790275033556,94.33504400223163,8,0
drop_current_std,11,20,8,9.919462140279819,76.13238981120308,97.62966470098034,8,0
drop_IR,11,20,8,8.014470864173626,65.93615607180816,94.91379286391366,8,0
delta_current,11,20,8,7.192968646129969,55.87906228693852,73.77045963652263,8,0
delta_slope,11,20,8,9.402175336390044,72.56391559640825,89.84577978985439,8,0
delta_ridge_log,11,20,8,7.8885591271138,62.22533867515419,82.25713189750813,8,0
delta_linear_raw,11,20,8,7.7347033855730025,60.5114530475373,80.27724313527979,8,0
original_six,12,20,8,6.777543521700251,50.606442162131714,71.94191819768952,8,0
drop_current_std,12,20,8,10.165443656108819,69.24338025577345,87.93628073251493,8,0
drop_IR,12,20,8,8.379782317591935,58.80800322088594,71.0563799271623,8,0
delta_current,12,20,8,9.864716995989468,66.87243989006268,73.94306879242006,8,0
delta_slope,12,20,8,10.911024260141104,68.35818560020958,84.93950773002625,8,0
delta_ridge_log,12,20,8,8.593422060855598,56.91213518383533,65.51297418187572,8,0
delta_linear_raw,12,20,8,7.986370438684152,53.35214610354839,61.533128458694506,8,0
original_six,13,20,8,12.441090317236538,85.94125076241242,89.27079758108816,8,0
drop_current_std,13,20,8,12.867581264741727,87.80273425452604,107.75106337874003,8,0
drop_IR,13,20,8,11.969414224897143,83.36473755075801,86.67140559723505,8,0
delta_current,13,20,8,12.357666913449227,85.05093057596474,87.03884703084165,8,0
delta_slope,13,20,8,13.569556790091774,91.34494191719064,109.38328169507746,8,0
delta_ridge_log,13,20,8,11.021429939623534,77.82828045247285,91.45488588442524,8,0
delta_linear_raw,13,20,8,10.8829000726973,77.59151213751852,89.13012150184238,8,0
original_six,14,21,7,18.696350616049212,122.46427097654166,142.66753777813267,7,0
drop_current_std,14,21,7,21.00878681742065,136.30434189924765,158.77487619545406,7,0
drop_IR,14,21,7,13.209815938016947,90.73284215933168,105.69404419448742,7,0
delta_current,14,21,7,13.550580875188597,92.84815271072583,110.59301184499937,7,0
delta_slope,14,21,7,15.325872758276482,103.414709231404,122.60997055112955,7,0
delta_ridge_log,14,21,7,13.816009129141388,97.24438065596097,119.97326050073544,7,0
delta_linear_raw,14,21,7,12.565002479143844,90.5454483153301,117.26776574920612,7,0
original_six,15,20,8,8.18779858992435,63.12392438326522,81.65545310193768,8,0
drop_current_std,15,20,8,11.591188445490161,88.06628313461864,98.5018070417824,8,0
drop_IR,15,20,8,6.123543320747471,49.61269265661065,63.46927396358143,8,0
delta_current,15,20,8,8.03887880135348,65.17125642446857,75.80089962015023,8,0
delta_slope,15,20,8,5.895088563184378,49.34356794219045,68.04990646524196,8,0
delta_ridge_log,15,20,8,6.043499295481252,50.72706266504349,69.42470254830528,8,0
delta_linear_raw,15,20,8,5.6868684522678885,47.37483899072316,64.38936922538586,8,0
original_six,16,20,8,15.200503928633063,106.35284743539239,114.52700298250264,8,0
drop_current_std,16,20,8,24.236069362137073,176.35050434526974,207.3805850588241,8,0
drop_IR,16,20,8,15.849417220924883,111.13456199613914,119.08842516617358,8,0
delta_current,16,20,8,11.238570653685517,78.18519290211236,88.34696917211687,8,0
delta_slope,16,20,8,13.39070309394425,94.77545259500545,106.12375738368692,8,0
delta_ridge_log,16,20,8,10.937108983772138,77.31444664003628,91.0250172153863,8,0
delta_linear_raw,16,20,8,12.232026667794846,86.25882076779351,98.01862658909694,8,0
original_six,17,20,8,12.619366571233181,86.58255229976713,109.7467446318623,8,0
drop_current_std,17,20,8,8.845185711644136,62.181115346013115,72.48488074918932,8,0
drop_IR,17,20,8,11.4915983815183,79.80129406400955,102.22949772200326,8,0
delta_current,17,20,8,9.356826927346543,65.51198238284253,68.35844033758337,8,0
delta_slope,17,20,8,9.154089179284004,60.92758919363166,79.9560854527073,8,0
delta_ridge_log,17,20,8,8.251993442566087,58.179610682711285,77.23856226829491,8,0
delta_linear_raw,17,20,8,7.314867325512703,53.680759680254894,76.62529410817432,8,0
original_six,18,20,8,11.955100391514838,86.65921420284442,100.55187580785447,8,0
drop_current_std,18,20,8,10.520776634519827,78.95272972799518,86.57621223146053,8,0
drop_IR,18,20,8,8.212562184561511,59.9375939563066,64.54106788735801,8,0
delta_current,18,20,8,7.416304592095998,54.52734829888931,58.44169075436802,8,0
delta_slope,18,20,8,7.329197967337825,55.92990200699954,63.19685292837338,8,0
delta_ridge_log,18,20,8,7.124149812990418,54.470767725606635,62.5781018380291,8,0
delta_linear_raw,18,20,8,7.636453429165166,57.327560074032974,62.637798522145836,8,0
original_six,19,20,8,9.52418110747286,79.5685433661757,91.95455300662671,8,0
drop_current_std,19,20,8,9.714875214492167,83.56251345032051,107.59728205491774,8,0
drop_IR,19,20,8,9.733176492583178,80.95820510313492,93.01469879776218,8,0
delta_current,19,20,8,10.25038883565971,83.4749366760526,88.72545267735256,8,0
delta_slope,19,20,8,8.464752166688468,73.71446811938576,98.9997737440824,8,0
delta_ridge_log,19,20,8,7.775484397074677,69.12814786030661,97.20379461753117,8,0
delta_linear_raw,19,20,8,7.259595901617999,64.7234768731285,91.41845449811137,8,0
