model,split,cell_id,actual,predicted,APE_pct
Selected,Valid_B1,b1c5,1074.0,909.8151761688312,15.287227544801569
Selected,Valid_B1,b1c6,636.0,839.33929236668,31.97158685010691
Selected,Valid_B1,b1c7,870.0,849.1049620864708,2.4017284958079568
Selected,Valid_B1,b1c23,1014.0,943.9459989047926,6.9086786089948085
Selected,Valid_B1,b1c38,617.0,636.9826601580954,3.238680738751285
Selected,Valid_B1,b1c39,625.0,667.2070555191357,6.753128883061708
Selected,Valid_B1,b1c40,966.0,939.362463503395,2.7575089540998943
Selected,Valid_B1,b1c41,1051.0,951.9559785002168,9.423788915298115
DummyMedian,Valid_B1,b1c5,1074.0,749.5,30.21415270018622
DummyMedian,Valid_B1,b1c6,636.0,749.5,17.845911949685533
DummyMedian,Valid_B1,b1c7,870.0,749.5,13.85057471264368
DummyMedian,Valid_B1,b1c23,1014.0,749.5,26.08481262327416
DummyMedian,Valid_B1,b1c38,617.0,749.5,21.47487844408428
DummyMedian,Valid_B1,b1c39,625.0,749.5,19.919999999999998
DummyMedian,Valid_B1,b1c40,966.0,749.5,22.4120082815735
DummyMedian,Valid_B1,b1c41,1051.0,749.5,28.686964795432925
Selected,Test_B2,b2c0,477.0,804.8786304024549,68.73765836529452
Selected,Test_B2,b2c1,491.0,723.3686813387651,47.32559701400511
Selected,Test_B2,b2c2,424.0,747.9648292757297,76.40679935748342
Selected,Test_B2,b2c3,499.0,833.393909209976,67.012807456909
Selected,Test_B2,b2c4,444.0,684.0876031910469,54.073784502488046
Selected,Test_B2,b2c5,416.0,520.6442936824233,25.154878289044053
Selected,Test_B2,b2c6,393.0,812.3366330266344,106.70143334011055
Selected,Test_B2,b2c7,777.0,948.6661137792717,22.093450936843197
Selected,Test_B2,b2c8,904.0,850.0785593898948,5.96476112943641
Selected,Test_B2,b2c9,791.0,904.4651679568623,14.344521865595736
Selected,Test_B2,b2c10,492.0,846.0931404683199,71.97015050169104
Selected,Test_B2,b2c11,449.0,881.6264388995235,96.35332714911435
Selected,Test_B2,b2c12,466.0,759.4909146771864,62.980882977937
Selected,Test_B2,b2c13,460.0,744.0656459302402,61.753401289182655
Selected,Test_B2,b2c14,426.0,168.9290413562859,60.34529545627092
Selected,Test_B2,b2c15,396.0,825.5571983089266,108.47403997700165
Selected,Test_B2,b2c16,472.0,800.8197442150686,69.66520004556538
Selected,Test_B2,b2c17,471.0,808.7026973789602,71.69908649234824
Selected,Test_B2,b2c18,449.0,905.5685221536158,101.68563967786544
Selected,Test_B2,b2c19,392.0,666.0806049183838,69.918521662853
Selected,Test_B2,b2c20,489.0,226.15060500671598,53.75243251396401
Selected,Test_B2,b2c21,408.0,691.2622279738351,69.42701666025371
Selected,Test_B2,b2c24,514.0,850.6421599216749,65.4945836423492
Selected,Test_B2,b2c25,493.0,821.2684263237871,66.58588769245175
Selected,Test_B2,b2c26,450.0,206.71844894531802,54.06256690104044
Selected,Test_B2,b2c27,474.0,862.9786242219161,82.0630008906996
Selected,Test_B2,b2c28,437.0,233.3519859894429,46.60137620378881
Selected,Test_B2,b2c29,452.0,883.3094869215172,95.42245285874274
Selected,Test_B2,b2c30,412.0,185.09146328004215,55.07488755338783
Selected,Test_B2,b2c31,425.0,751.3844876741123,76.7963500409676
Selected,Test_B2,b2c32,809.0,240.08577177874758,70.3231431670275
Selected,Test_B2,b2c33,1140.0,783.8767254558772,31.238883731940593
Selected,Test_B2,b2c34,1186.0,251.59365919818435,78.78636937620705
Selected,Test_B2,b2c41,442.0,207.1324944189563,53.137444701593594
Selected,Test_B2,b2c42,474.0,849.738709942058,79.26977002997005
Selected,Test_B2,b2c43,1029.0,895.7224407663007,12.95214375448973
Selected,Test_B2,b2c44,841.0,269.87898088685586,67.9097525699339
Selected,Test_B2,b2c45,997.0,857.8704576396665,13.95481869210968
Selected,Test_B2,b2c46,503.0,235.35320873233766,53.210097667527315
DummyMedian,Test_B2,b2c0,477.0,749.5,57.127882599580715
DummyMedian,Test_B2,b2c1,491.0,749.5,52.64765784114053
DummyMedian,Test_B2,b2c2,424.0,749.5,76.76886792452831
DummyMedian,Test_B2,b2c3,499.0,749.5,50.20040080160321
DummyMedian,Test_B2,b2c4,444.0,749.5,68.80630630630631
DummyMedian,Test_B2,b2c5,416.0,749.5,80.16826923076923
DummyMedian,Test_B2,b2c6,393.0,749.5,90.71246819338423
DummyMedian,Test_B2,b2c7,777.0,749.5,3.5392535392535396
DummyMedian,Test_B2,b2c8,904.0,749.5,17.09070796460177
DummyMedian,Test_B2,b2c9,791.0,749.5,5.246523388116309
DummyMedian,Test_B2,b2c10,492.0,749.5,52.33739837398373
DummyMedian,Test_B2,b2c11,449.0,749.5,66.92650334075724
DummyMedian,Test_B2,b2c12,466.0,749.5,60.836909871244636
DummyMedian,Test_B2,b2c13,460.0,749.5,62.93478260869565
DummyMedian,Test_B2,b2c14,426.0,749.5,75.93896713615024
DummyMedian,Test_B2,b2c15,396.0,749.5,89.26767676767676
DummyMedian,Test_B2,b2c16,472.0,749.5,58.79237288135594
DummyMedian,Test_B2,b2c17,471.0,749.5,59.12951167728237
DummyMedian,Test_B2,b2c18,449.0,749.5,66.92650334075724
DummyMedian,Test_B2,b2c19,392.0,749.5,91.19897959183673
DummyMedian,Test_B2,b2c20,489.0,749.5,53.2719836400818
DummyMedian,Test_B2,b2c21,408.0,749.5,83.70098039215686
DummyMedian,Test_B2,b2c24,514.0,749.5,45.81712062256809
DummyMedian,Test_B2,b2c25,493.0,749.5,52.02839756592292
DummyMedian,Test_B2,b2c26,450.0,749.5,66.55555555555556
DummyMedian,Test_B2,b2c27,474.0,749.5,58.122362869198305
DummyMedian,Test_B2,b2c28,437.0,749.5,71.51029748283753
DummyMedian,Test_B2,b2c29,452.0,749.5,65.81858407079646
DummyMedian,Test_B2,b2c30,412.0,749.5,81.91747572815534
DummyMedian,Test_B2,b2c31,425.0,749.5,76.3529411764706
DummyMedian,Test_B2,b2c32,809.0,749.5,7.354758961681088
DummyMedian,Test_B2,b2c33,1140.0,749.5,34.25438596491228
DummyMedian,Test_B2,b2c34,1186.0,749.5,36.804384485666105
DummyMedian,Test_B2,b2c41,442.0,749.5,69.57013574660633
DummyMedian,Test_B2,b2c42,474.0,749.5,58.122362869198305
DummyMedian,Test_B2,b2c43,1029.0,749.5,27.1622934888241
DummyMedian,Test_B2,b2c44,841.0,749.5,10.879904875148632
DummyMedian,Test_B2,b2c45,997.0,749.5,24.82447342026078
DummyMedian,Test_B2,b2c46,503.0,749.5,49.005964214711724
Selected,Additional_B3,b3c0,1009.0,902.9529259521001,10.510116357571839
Selected,Additional_B3,b3c1,1063.0,873.3052433349536,17.845226403108786
Selected,Additional_B3,b3c2,1267.0,978.958158265832,22.734162725664405
Selected,Additional_B3,b3c3,1115.0,837.5322646689058,24.88499868440307
Selected,Additional_B3,b3c4,1048.0,887.6418835278577,15.301346991616635
Selected,Additional_B3,b3c5,828.0,827.0141310707493,0.11906629580322801
Selected,Additional_B3,b3c6,667.0,552.1697023727447,17.215936675750417
Selected,Additional_B3,b3c7,1836.0,1090.571335766181,40.60068977308383
Selected,Additional_B3,b3c8,828.0,870.4214642323718,5.123365245455534
Selected,Additional_B3,b3c9,1039.0,850.7223919373283,18.121040237023262
Selected,Additional_B3,b3c10,1078.0,1067.4353551142356,0.9800227166757363
Selected,Additional_B3,b3c11,817.0,821.2462087300837,0.5197317907079202
Selected,Additional_B3,b3c12,932.0,847.5993764898409,9.055860891647972
Selected,Additional_B3,b3c13,816.0,856.1456286749456,4.919807435655093
Selected,Additional_B3,b3c14,858.0,854.5767853585335,0.3989760654389894
Selected,Additional_B3,b3c15,876.0,842.6037890577827,3.812352847285079
Selected,Additional_B3,b3c16,1638.0,1123.7666555956455,31.39397706986291
Selected,Additional_B3,b3c17,1315.0,924.7426887484291,29.6773620723628
Selected,Additional_B3,b3c18,1146.0,868.5290889687208,24.212121381437978
Selected,Additional_B3,b3c19,1155.0,848.0889447584101,26.57238573520259
Selected,Additional_B3,b3c20,813.0,862.433655495556,6.080400429957684
Selected,Additional_B3,b3c21,772.0,607.4064615044426,21.320406540875307
Selected,Additional_B3,b3c22,1002.0,746.3770212874629,25.511275320612487
Selected,Additional_B3,b3c24,825.0,885.565905519134,7.341321881107158
Selected,Additional_B3,b3c25,989.0,876.2280957219436,11.402619239439469
Selected,Additional_B3,b3c26,1028.0,905.6513543563092,11.901619226039962
Selected,Additional_B3,b3c27,850.0,846.6185324361379,0.3978197133955398
Selected,Additional_B3,b3c28,541.0,532.2480214314872,1.6177409553628013
Selected,Additional_B3,b3c29,858.0,860.1144785982514,0.24644272706892387
Selected,Additional_B3,b3c30,935.0,869.6712976403116,6.987026990341
Selected,Additional_B3,b3c31,731.0,735.3801205504761,0.5991956977395534
Selected,Additional_B3,b3c33,1284.0,918.9839530928103,28.428041036385487
Selected,Additional_B3,b3c34,1158.0,868.5304699977596,24.997368739398997
Selected,Additional_B3,b3c35,1093.0,873.2354806256055,20.106543401133987
Selected,Additional_B3,b3c36,923.0,849.6126392396704,7.95095999570201
Selected,Additional_B3,b3c37,1390.0,1212.0237023645316,12.804050189602044
Selected,Additional_B3,b3c38,1935.0,926.0764504670346,52.14075191384834
Selected,Additional_B3,b3c39,1156.0,915.190785508584,20.831246928323186
Selected,Additional_B3,b3c40,796.0,903.5209727962781,13.50765989902991
Selected,Additional_B3,b3c41,786.0,961.4037327390214,22.31599653168211
Selected,Additional_B3,b3c42,1642.0,1078.5666920415063,34.31384335922617
Selected,Additional_B3,b3c43,1046.0,942.8302579877953,9.863264054704079
Selected,Additional_B3,b3c44,940.0,881.1525422099403,6.260367850006351
Selected,Additional_B3,b3c45,1801.0,1106.4416256117727,38.56515127086215
DummyMedian,Additional_B3,b3c0,1009.0,749.5,25.7185332011893
DummyMedian,Additional_B3,b3c1,1063.0,749.5,29.492003762935088
DummyMedian,Additional_B3,b3c2,1267.0,749.5,40.84451460142068
DummyMedian,Additional_B3,b3c3,1115.0,749.5,32.780269058295964
DummyMedian,Additional_B3,b3c4,1048.0,749.5,28.482824427480917
DummyMedian,Additional_B3,b3c5,828.0,749.5,9.480676328502415
DummyMedian,Additional_B3,b3c6,667.0,749.5,12.368815592203898
DummyMedian,Additional_B3,b3c7,1836.0,749.5,59.17755991285403
DummyMedian,Additional_B3,b3c8,828.0,749.5,9.480676328502415
DummyMedian,Additional_B3,b3c9,1039.0,749.5,27.863330125120306
DummyMedian,Additional_B3,b3c10,1078.0,749.5,30.47309833024119
DummyMedian,Additional_B3,b3c11,817.0,749.5,8.261933904528764
DummyMedian,Additional_B3,b3c12,932.0,749.5,19.581545064377682
DummyMedian,Additional_B3,b3c13,816.0,749.5,8.14950980392157
DummyMedian,Additional_B3,b3c14,858.0,749.5,12.645687645687644
DummyMedian,Additional_B3,b3c15,876.0,749.5,14.440639269406393
DummyMedian,Additional_B3,b3c16,1638.0,749.5,54.24297924297924
DummyMedian,Additional_B3,b3c17,1315.0,749.5,43.00380228136882
DummyMedian,Additional_B3,b3c18,1146.0,749.5,34.59860383944154
DummyMedian,Additional_B3,b3c19,1155.0,749.5,35.10822510822511
DummyMedian,Additional_B3,b3c20,813.0,749.5,7.810578105781057
DummyMedian,Additional_B3,b3c21,772.0,749.5,2.9145077720207255
DummyMedian,Additional_B3,b3c22,1002.0,749.5,25.199600798403193
DummyMedian,Additional_B3,b3c24,825.0,749.5,9.151515151515152
DummyMedian,Additional_B3,b3c25,989.0,749.5,24.216380182002023
DummyMedian,Additional_B3,b3c26,1028.0,749.5,27.09143968871595
DummyMedian,Additional_B3,b3c27,850.0,749.5,11.823529411764707
DummyMedian,Additional_B3,b3c28,541.0,749.5,38.539741219963034
DummyMedian,Additional_B3,b3c29,858.0,749.5,12.645687645687644
DummyMedian,Additional_B3,b3c30,935.0,749.5,19.83957219251337
DummyMedian,Additional_B3,b3c31,731.0,749.5,2.53077975376197
DummyMedian,Additional_B3,b3c33,1284.0,749.5,41.627725856697815
DummyMedian,Additional_B3,b3c34,1158.0,749.5,35.27633851468048
DummyMedian,Additional_B3,b3c35,1093.0,749.5,31.42726440988106
DummyMedian,Additional_B3,b3c36,923.0,749.5,18.797399783315278
DummyMedian,Additional_B3,b3c37,1390.0,749.5,46.07913669064748
DummyMedian,Additional_B3,b3c38,1935.0,749.5,61.26614987080104
DummyMedian,Additional_B3,b3c39,1156.0,749.5,35.16435986159169
DummyMedian,Additional_B3,b3c40,796.0,749.5,5.841708542713568
DummyMedian,Additional_B3,b3c41,786.0,749.5,4.643765903307888
DummyMedian,Additional_B3,b3c42,1642.0,749.5,54.35444579780755
DummyMedian,Additional_B3,b3c43,1046.0,749.5,28.34608030592734
DummyMedian,Additional_B3,b3c44,940.0,749.5,20.26595744680851
DummyMedian,Additional_B3,b3c45,1801.0,749.5,58.384230982787344
