cell_id,split,policy
b1c9,train,5.4C(40%)-3.6C
b1c11,train,5.4C(50%)-3C
b1c14,train,5.4C(60%)-3C
b1c15,train,5.4C(60%)-3C
b1c16,train,5.4C(60%)-3.6C
b1c17,train,5.4C(60%)-3.6C
b1c18,train,5.4C(70%)-3C
b1c19,train,5.4C(70%)-3C
b1c20,train,5.4C(80%)-5.4C
b1c21,train,5.4C(80%)-5.4C
b1c24,train,6C(40%)-3C
b1c25,train,6C(40%)-3C
b1c26,train,6C(40%)-3.6C
b1c27,train,6C(40%)-3.6C
b1c28,train,6C(50%)-3C
b1c29,train,6C(50%)-3C
b1c30,train,6C(50%)-3.6C
b1c31,train,6C(50%)-3.6C
b1c32,train,6C(60%)-3C
b1c33,train,6C(60%)-3C
b1c34,train,7C(30%)-3.6C
b1c35,train,7C(30%)-3.6C
b1c36,train,7C(40%)-3C
b1c37,train,7C(40%)-3C
b1c42,train,8C(25%)-3.6C
b1c43,train,8C(25%)-3.6C
b1c44,train,8C(35%)-3.6C
b1c45,train,8C(35%)-3.6C
b1c5,valid,4.4C(80%)-4.4C
b1c6,valid,4.8C(80%)-4.8C
b1c7,valid,4.8C(80%)-4.8C
b1c23,valid,6C(30%)-3.6C
b1c38,valid,7C(40%)-3.6C
b1c39,valid,7C(40%)-3.6C
b1c40,valid,8C(15%)-3.6C
b1c41,valid,8C(15%)-3.6C
